cluster,longitude,latitude
0,-145.27761659897354,-17.038536235769406
1,7.811857,36.82139200000001
2,-64.46389,9.431943999999994
3,-77.54604490087152,8.361325276408643
4,-13.435874934744602,28.934870046473815
5,-75.92566538165549,5.581081580958328
6,-74.80853709477634,7.071355680122934
7,-9.55589500000002,30.378325999999998
8,-69.23333,9.552222000000002
9,-146.16372494185015,-14.433000306587273
10,-3.6912373883816083,35.202569467138815
11,3.2116700000000042,36.700579999999995
12,-146.08332999999996,-15.416667
13,-76.61670040444682,8.687515860408688
14,-71.43166,7.033056
15,-70.85051481966487,7.200783792598557
16,-146.56889745530145,-15.237641406327066
17,-75.33536012121385,8.329677938575689
18,-73.53904146354843,8.34541269681701
19,-73.21570535585246,6.997356516148871
20,-78.20283616267373,7.46020904929684
21,-0.2257365293894041,35.243879744099466
22,-59.487835000000004,13.080732
23,-77.49233558719892,6.432145579762515
24,5.083332999999988,36.74999999999999
25,-64.71062962136075,10.053969694067865
26,6.183332999999996,35.566666000000005
27,-70.22111,8.618055999999997
28,-68.27687,12.133402999999994
29,-61.22104179795484,12.749875757906208
30,-69.33459378960684,10.02313439035697
31,5.738055999999997,34.79332999999999
32,4.162206523354144,35.19594954454498
33,9.013672659286382,39.30216101475979
34,-75.25,7.600000000000001
35,-7.416364051276746,33.49090695105227
36,-2.259532613949067,31.634699987596786
37,-71.62671447135928,10.61330364002559
38,-67.03056489378632,10.699290232177212
39,1.3316669999999566,36.21222299999998
40,-74.02548931152518,6.439876729416603
41,-67.43333399999999,8.933333000000001
42,-76.66332999999999,5.079167000000004
43,-75.80031034656288,4.801594503858131
44,-80.43333399999999,7.9666670000000055
45,-72.29011246689531,7.836684214429364
46,-64.19194000000002,10.447778000000001
47,-63.372780234100915,10.779904596976309
48,-68.95706,12.184615000000003
49,-70.88636756804264,10.983790638700995
50,-74.76993264885587,9.277414317730322
51,-69.681946,11.415833
52,6.441625257266501,36.20652837731252
53,-73.10926945969126,10.008362469751207
54,-74.816666,7.616667000000001
55,1.094105000000019,33.71780400000001
56,-73.76652833154755,7.156565159823672
57,-64.18001285149968,8.97720791181561
58,-75.58731047826716,6.262176398512794
59,-69.53333,7.166667000000001
60,-4.399999999999993,31.949999999999992
61,-9.673546137548822,31.509566365172773
62,-13.105043748857018,27.125257209371508
63,-145.33333000000002,-16.683332000000004
64,-145.65224999999998,-16.05348599999999
65,-60.94414178372895,14.550285947346804
66,-4.982137999999989,33.93079000000001
67,-141.6917421941973,-16.088023721977443
68,-140.16446000000002,-15.99095000000001
69,-13.869893000000005,28.450605000000007
70,8.768128322666666,34.37052247793858
71,5.883333000000027,36.800000000000004
72,-10.12087925656697,28.967816883401177
73,-17.200000000000006,28.016665999999994
74,-61.78611,12.004167000000006
75,-90.282776,-0.4347219999999964
76,-62.29999999999999,10.566666999999999
77,-69.67589372437367,9.062196357143524
78,-142.53333999999998,-17.533332999999992
79,-141.07164020144953,-17.99514966018108
80,3.199999999999979,33.16666800000002
81,-72.63333,6.033333000000002
82,-77.74999999999999,7.116667000000003
83,-145.11667,-15.766667000000007
84,-146.66667,-15.783332999999997
85,-144.38318808371537,-16.23279974039447
86,-71.40258039589003,8.577833995015482
87,2.983332999999991,33.833332000000006
88,-15.544058836870738,27.97851957124374
89,-75.83743558317197,8.985844737307904
90,-66.77308581774903,11.817568443047186
91,-70.3135951677098,11.789519513840844
92,-72.24167,11.391666999999996
93,-5.533332999999998,33.88333
94,10.753154999999975,35.761080000000014
95,-143.65436,-16.587921000000005
96,-2.9574730000000145,35.27707699999999
97,-74.94811072142647,5.356090862348227
98,0.0833329999999935,35.900000000000006
99,-63.03140466694784,9.874726371818042
100,-68.05421043451247,10.377831428680313
101,-0.2830560000000308,33.521942
102,-74.62686259662674,6.261622700860562
103,-141.73052055747192,-14.2455924842993
104,10.582641729680287,36.10109709473779
105,-3.0283329999999884,34.988888
106,-146.30620842752154,-16.12405739298439
107,-6.656140451632655,34.209117204418256
108,-77.28333000000002,5.699999999999999
109,-0.6083320548325161,35.623897465065994
110,-79.566666,8.666667
111,-1.9333329999999929,34.783333000000006
112,-5.8524559999999965,30.267142999999994
113,-7.001444384229015,30.818767636233776
114,-79.21667,8.983332999999998
115,-62.112153792748884,9.983356445974458
116,-138.96665999999993,-14.749999999999993
117,-74.79072908532731,9.89166729803852
118,-63.968990000000005,10.917189
119,11.90136815225333,36.92028850470519
120,-61.33941299999999,10.602089
121,-70.14208131661414,7.431984666047133
122,5.24050370244841,36.15380855269449
123,-8.026902000000012,31.601874999999996
124,-147.65915,-14.95633399999999
125,-80.85111684490309,8.095393030074963
126,-145.35475918641657,-15.38678986758193
127,-71.14900867958437,6.3482038656953454
128,-142.40999419823146,-16.0072753546812
129,-71.9,6.9166669999999995
130,-71.166664,7.783332999999998
131,10.683333000000008,34.71666700000001
132,-67.43916,7.885278
133,-10.200000000000014,29.4
134,-73.01667,10.766667000000004
135,-60.98225349728937,13.751993751008861
136,-68.75388999999998,10.280278
137,-73.0,7.666667
138,-71.71441077418191,9.110876193013047
139,-73.06810700020058,5.606099334787182
140,-17.755555999999988,28.626389
141,-60.78521393377827,11.026719621384984
142,8.66394689260972,37.002838610497776
143,8.14999999999999,35.46666700000001
144,-16.34598200000001,28.488056
145,-16.645933685535745,28.031251073035584
146,-72.73333,8.633333000000002
147,1.350000000000005,35.466667
148,-138.33333,-17.283333
149,-145.0264,-14.457748999999993
150,-1.3950583808506758,35.120992521503986
151,-71.76667,6.5000000000000036
152,8.133333000000002,33.916667999999994
153,-11.083333000000009,28.450000000000003
154,10.217089999999983,36.847622000000015
155,-76.73251865269674,5.593030001677262
156,-76.18333400000002,6.333333000000002
157,-70.15376245744523,10.091673918418756
158,-17.8125242463524,27.91604536715896
159,-65.97167521494332,9.16024414202278
160,-70.54997920763336,9.219135385633049
161,-73.25278,10.436666999999998
162,-80.00277374692938,8.287071847619856
163,-147.459071,-19.72973
164,-146.501984,-19.729730000000004
165,-145.544898,-19.72973
166,-144.587812,-19.729730000000014
167,-148.58939399999997,-18.828829
168,-147.63755800000004,-18.828828999999995
169,-146.68572099999997,-18.828828999999995
170,-145.733885,-18.828829000000002
171,-144.78204799999995,-18.828829000000002
172,-143.830212,-18.828829
173,-142.878375,-18.828829
174,-141.92653799999997,-18.828828999999995
175,-148.753059,-17.927928
176,-147.80618199999998,-17.927927999999994
177,-146.859305,-17.927928
178,-145.912428,-17.927927999999987
179,-144.96555099999998,-17.92792799999999
180,-144.01867399999998,-17.927927999999987
181,-143.07179699999998,-17.927927999999984
182,-142.12491999999997,-17.927927999999998
183,-140.231166,-17.92792800000001
184,-148.90737899999996,-17.027027
185,-147.96517899999998,-17.027026999999986
186,-147.02297800000002,-17.027027000000004
187,-146.080777,-17.02702699999999
188,-144.19637599999996,-17.027027
189,-143.254175,-17.027027000000004
190,-142.311975,-17.027026999999986
191,-141.36977399999998,-17.027027
192,-140.42757299999997,-17.02702699999999
193,-139.48537300000004,-17.027027
194,-138.54317199999994,-17.027026999999986
195,-137.600972,-17.027027000000004
196,-148.11476799999997,-16.126126
197,-147.176968,-16.126126000000006
198,-145.30136599999997,-16.12612600000001
199,-143.425764,-16.126126000000006
200,-140.612361,-16.126125999999992
201,-139.67455999999999,-16.126126000000006
202,-138.736759,-16.126126000000006
203,-137.798958,-16.126126000000006
204,-136.86115700000002,-16.126126000000006
205,-135.92335599999998,-16.126126
206,-134.985556,-16.126125999999992
207,-147.321484,-15.225224999999996
208,-144.520469,-15.225225000000004
209,-143.58679699999996,-15.225225
210,-142.653125,-15.225224999999996
211,-141.719453,-15.225225000000007
212,-140.785781,-15.225224999999993
213,-139.852109,-15.225224999999993
214,-138.918437,-15.225224999999993
215,-137.984765,-15.225224999999988
216,-137.051094,-15.225224999999996
217,-136.117422,-15.225225
218,-135.18375,-15.225224999999993
219,-134.25007799999997,-15.225224999999991
220,-133.316406,-15.225224999999993
221,-132.382734,-15.225224999999988
222,-145.59710799999993,-14.324323999999995
223,-144.66729999999998,-14.324323999999988
224,-143.73749199999997,-14.324324000000004
225,-142.80768399999997,-14.324323999999999
226,-140.94806799999998,-14.324324000000004
227,-140.01826000000003,-14.324324000000004
228,-139.08845199999996,-14.324324000000004
229,-138.158644,-14.324323999999995
230,-137.22883699999997,-14.324323999999992
231,-136.29902899999996,-14.324323999999999
232,-135.36922100000004,-14.324324000000011
233,-134.439413,-14.324323999999995
234,-133.509605,-14.324323999999995
235,-132.579797,-14.324324000000008
236,-131.64998900000003,-14.324323999999999
237,-130.720181,-14.324323999999999
238,-129.790373,-14.324323999999999
239,-142.95184799999998,-13.423422999999994
240,-142.025644,-13.423422999999996
241,-141.09944,-13.423422999999989
242,-140.17323600000003,-13.423422999999994
243,-139.24703199999996,-13.423422999999996
244,-138.320828,-13.423422999999994
245,-137.394625,-13.423422999999996
246,-136.468421,-13.423422999999994
247,-135.54221699999997,-13.423422999999994
248,-134.61601299999998,-13.423423000000009
249,-133.68980899999997,-13.423423000000001
250,-132.76360600000004,-13.423423000000009
251,-131.837402,-13.423422999999994
252,-130.911198,-13.423423000000001
253,-129.984994,-13.423423000000005
254,-129.05878999999993,-13.423422999999998
255,-128.132587,-13.423422999999998
256,-127.206383,-13.42342299999999
257,-140.31724199999996,-12.522522999999994
258,-139.394387,-12.522522999999994
259,-138.471533,-12.522523000000005
260,-137.548678,-12.522523000000001
261,-136.625823,-12.522523000000001
262,-135.702968,-12.522523000000005
263,-134.780113,-12.522523000000003
264,-133.85725799999997,-12.522523000000001
265,-132.93440400000003,-12.522523000000005
266,-132.01154899999997,-12.522522999999996
267,-131.088694,-12.522522999999998
268,-130.165839,-12.522523000000005
269,-129.242984,-12.522523000000003
270,-128.32012899999998,-12.522523000000001
271,-127.39727500000002,-12.522523000000014
272,-126.47442,-12.522523000000003
273,-125.55156500000001,-12.522523000000001
274,-124.62871000000003,-12.522523000000009
275,-137.69119799999999,-11.621622000000004
276,-136.77144199999998,-11.621621999999997
277,-135.85168499999997,-11.621621999999995
278,-134.93192900000003,-11.621621999999995
279,-134.012172,-11.621621999999995
280,-133.09241600000001,-11.621622000000002
281,-132.172659,-11.621622
282,-131.25290299999995,-11.621621999999986
283,-130.333146,-11.621621999999995
284,-129.413389,-11.621622000000006
285,-128.493633,-11.621621999999995
286,-127.57387599999996,-11.621621999999997
287,-126.65412000000002,-11.621622000000004
288,-125.73436300000004,-11.621622000000004
289,-124.814607,-11.621622000000004
290,-123.89485000000002,-11.621622
291,-122.97509399999997,-11.621621999999995
292,-122.055337,-11.621621999999997
293,-135.07165800000004,-10.720721000000005
294,-134.154753,-10.72072099999999
295,-133.23784799999999,-10.72072099999999
296,-132.320943,-10.720721000000005
297,-131.40403800000004,-10.720721000000008
298,-130.487133,-10.720721000000001
299,-129.57022799999996,-10.720721000000001
300,-128.65332300000003,-10.720721000000001
301,-127.73641900000001,-10.720720999999998
302,-126.81951399999998,-10.720721
303,-125.902609,-10.720721000000005
304,-124.98570399999997,-10.720721000000008
305,-124.06879899999997,-10.720720999999998
306,-123.15189400000001,-10.720720999999998
307,-122.23498900000001,-10.72072099999999
308,-121.31808399999998,-10.720721000000005
309,-120.401179,-10.720720999999996
310,-119.484274,-10.720721
311,-132.456593,-9.819819999999998
312,-131.54229699999996,-9.819819999999993
313,-130.628,-9.819819999999998
314,-129.713704,-9.819819999999995
315,-128.799408,-9.819819999999998
316,-127.885111,-9.819820000000007
317,-126.97081500000003,-9.819820000000002
318,-126.056519,-9.819819999999998
319,-125.14222199999999,-9.819819999999995
320,-124.227926,-9.819820000000002
321,-123.31363000000002,-9.819819999999991
322,-122.39933400000001,-9.819820000000002
323,-121.48503700000002,-9.819820000000004
324,-120.57074100000001,-9.819820000000002
325,-119.65644499999998,-9.819820000000005
326,-118.74214799999999,-9.819819999999998
327,-117.82785200000001,-9.81981999999999
328,-116.91355599999997,-9.819819999999984
329,-130.75592800000004,-8.918918999999997
330,-129.84400100000002,-8.918918999999995
331,-128.932073,-8.918919000000002
332,-128.02014600000004,-8.918919000000004
333,-127.10821900000002,-8.918918999999997
334,-126.19629200000001,-8.918919
335,-125.284364,-8.918919
336,-124.37243700000002,-8.918918999999997
337,-123.46051000000001,-8.918918999999997
338,-122.548582,-8.918918999999994
339,-121.63665500000002,-8.918918999999999
340,-120.72472799999997,-8.918918999999992
341,-119.81280099999998,-8.918918999999994
342,-118.900873,-8.918919000000002
343,-117.988946,-8.918919000000006
344,-117.077019,-8.918918999999999
345,-116.165092,-8.918919000000002
346,-115.253164,-8.918919000000004
347,-114.34123699999999,-8.918918999999999
348,-128.14169499999997,-8.018018000000001
349,-127.23189999999995,-8.018017999999989
350,-126.32210500000004,-8.018017999999996
351,-125.41231099999999,-8.01801799999999
352,-124.50251599999997,-8.018018000000001
353,-123.59272099999997,-8.018018000000009
354,-122.682926,-8.018017999999994
355,-121.77313099999999,-8.018017999999998
356,-120.86333599999998,-8.018017999999998
357,-119.95354199999998,-8.018017999999993
358,-119.04374700000001,-8.018018000000001
359,-118.13395199999998,-8.018018000000001
360,-117.224157,-8.018018000000001
361,-116.31436199999999,-8.01801799999999
362,-115.40456699999996,-8.018017999999996
363,-114.49477299999998,-8.018017999999994
364,-113.58497800000002,-8.018017999999994
365,-112.67518299999998,-8.018018000000005
366,-111.76538799999999,-8.018017999999994
367,-125.52622399999998,-7.117117000000006
368,-124.61832699999998,-7.117116999999997
369,-123.71043099999999,-7.1171169999999915
370,-122.80253500000002,-7.117116999999994
371,-121.894639,-7.117117000000003
372,-120.98674199999999,-7.117117000000006
373,-120.07884599999998,-7.1171169999999995
374,-119.17095,-7.117116999999995
375,-118.26305399999997,-7.117116999999996
376,-117.35515700000002,-7.117117000000006
377,-116.44726099999997,-7.117116999999994
378,-115.539365,-7.117117000000002
379,-114.631468,-7.117117000000006
380,-113.723572,-7.117116999999997
381,-112.81567599999998,-7.117116999999999
382,-111.90777999999997,-7.117117000000001
383,-110.99988299999998,-7.117117000000004
384,-110.091987,-7.117116999999997
385,-109.184091,-7.117117000000006
386,-122.90756,-6.216216000000005
387,-122.001331,-6.216216000000003
388,-121.095102,-6.216215999999995
389,-120.188872,-6.216216000000001
390,-119.28264300000001,-6.216215999999995
391,-118.37641400000001,-6.216216000000007
392,-117.47018500000001,-6.216216000000007
393,-116.56395599999999,-6.216216000000004
394,-115.657726,-6.216216000000004
395,-114.751497,-6.216215999999999
396,-113.845268,-6.216215999999996
397,-112.939039,-6.216215999999998
398,-112.03281,-6.216216000000007
399,-111.12658,-6.216215999999994
400,-110.22035099999998,-6.216215999999994
401,-109.31412199999998,-6.216216000000001
402,-108.40789300000002,-6.216216
403,-107.50166399999999,-6.216216000000005
404,-106.595434,-6.216215999999998
405,-120.283759,-5.315315000000001
406,-119.37896700000005,-5.315314999999995
407,-118.47417600000001,-5.315315000000001
408,-117.569384,-5.315314999999992
409,-116.66459299999998,-5.315314999999997
410,-115.759801,-5.315314999999996
411,-114.85501,-5.315315000000001
412,-113.950218,-5.315315000000001
413,-113.04542699999999,-5.315314999999995
414,-112.14063499999999,-5.315314999999993
415,-111.23584399999999,-5.315315000000001
416,-110.331052,-5.315314999999994
417,-109.42626099999998,-5.3153149999999965
418,-108.521469,-5.315314999999997
419,-107.616678,-5.315314999999992
420,-106.711886,-5.315314999999994
421,-105.807095,-5.315315000000001
422,-104.90230300000002,-5.315314999999991
423,-103.997511,-5.315314999999999
424,-117.65288,-4.4144140000000025
425,-116.749299,-4.414413999999996
426,-115.84571699999998,-4.414413999999998
427,-114.94213599999998,-4.414413999999999
428,-114.03855400000002,-4.4144140000000025
429,-113.13497300000003,-4.414413999999995
430,-112.23139099999999,-4.414413999999997
431,-111.32781,-4.414413999999994
432,-110.42422900000001,-4.414413999999999
433,-109.520647,-4.414414
434,-108.617066,-4.414413999999999
435,-107.71348400000001,-4.4144140000000025
436,-106.80990300000002,-4.414413999999999
437,-105.906321,-4.414413999999993
438,-105.00274,-4.414413999999995
439,-104.09915800000002,-4.414413999999995
440,-103.195577,-4.414413999999996
441,-102.291995,-4.414414
442,-101.38841400000001,-4.4144140000000025
443,-115.01298400000002,-3.5135140000000034
444,-114.11038600000002,-3.513513999999998
445,-113.20778900000002,-3.513513999999996
446,-112.30519099999998,-3.513514000000002
447,-111.402594,-3.513514000000002
448,-110.49999600000001,-3.5135140000000002
449,-109.597399,-3.5135140000000002
450,-108.69480200000001,-3.513513999999999
451,-107.792204,-3.5135140000000016
452,-106.88960700000001,-3.5135139999999936
453,-105.987009,-3.513513999999995
454,-105.08441199999999,-3.513513999999999
455,-104.18181399999999,-3.5135139999999994
456,-103.27921699999999,-3.5135139999999945
457,-102.37661899999999,-3.5135140000000007
458,-101.474022,-3.5135139999999976
459,-100.57142499999999,-3.513514000000001
460,-99.66882699999998,-3.5135140000000002
461,-98.76623,-3.5135139999999936
462,-112.362127,-2.6126129999999943
463,-111.460289,-2.612612999999996
464,-110.55844999999997,-2.612612999999998
465,-109.656612,-2.6126130000000023
466,-108.75477399999998,-2.612612999999997
467,-107.85293499999999,-2.6126129999999983
468,-106.951097,-2.612613000000004
469,-106.04925899999999,-2.6126129999999983
470,-105.14742,-2.6126130000000023
471,-104.24558200000001,-2.6126129999999996
472,-103.34374400000002,-2.6126129999999956
473,-102.44190599999999,-2.612613
474,-101.54006699999998,-2.612613000000001
475,-100.638229,-2.6126129999999983
476,-99.73639099999998,-2.612612999999996
477,-98.834552,-2.612612999999998
478,-97.932714,-2.6126130000000014
479,-97.030876,-2.6126130000000014
480,-96.12903700000001,-2.612613
481,-109.698359,-1.7117120000000072
482,-108.797056,-1.7117119999999986
483,-107.89575300000001,-1.711712000000004
484,-106.99445,-1.7117119999999963
485,-106.093147,-1.711711999999998
486,-105.191844,-1.7117119999999992
487,-104.290541,-1.7117120000000001
488,-103.38923799999999,-1.7117119999999946
489,-102.487935,-1.711711999999999
490,-101.586632,-1.7117120000000035
491,-100.68532899999998,-1.711711999999995
492,-99.78402500000001,-1.7117119999999992
493,-98.88272200000002,-1.711712000000003
494,-97.98141899999999,-1.7117119999999983
495,-97.08011600000002,-1.7117120000000001
496,-96.178813,-1.7117119999999977
497,-95.27751,-1.711712000000001
498,-94.37620699999998,-1.7117120000000017
499,-93.474904,-1.7117119999999986
500,-107.01972000000002,-0.8108109999999996
501,-106.118729,-0.810811000000003
502,-105.217737,-0.810810999999998
503,-104.31674600000001,-0.8108110000000014
504,-103.41575499999999,-0.8108109999999973
505,-102.514764,-0.8108109999999952
506,-101.61377299999998,-0.8108109999999948
507,-100.712782,-0.8108109999999973
508,-99.811791,-0.8108110000000006
509,-98.9108,-0.8108109999999966
510,-98.00980800000002,-0.8108109999999994
511,-97.10881699999999,-0.8108109999999986
512,-96.207826,-0.8108109999999945
513,-95.306835,-0.8108110000000001
514,-94.40584400000002,-0.8108109999999973
515,-93.504853,-0.8108110000000013
516,-92.603862,-0.8108109999999993
517,-91.702871,-0.8108109999999976
518,-104.32423100000001,0.09009000000000113
519,-103.423329,0.09008999999999918
520,-102.52242700000001,0.09009000000000081
521,-101.62152499999999,0.09009000000000571
522,-100.72062300000002,0.09008999999999748
523,-99.819721,0.09009000000000027
524,-98.91881899999998,0.09009000000000261
525,-98.017917,0.09009000000000096
526,-97.117015,0.09008999999999806
527,-96.216113,0.09008999999999705
528,-95.315211,0.09009000000000256
529,-94.414309,0.09008999999999878
530,-93.513407,0.09009000000000332
531,-92.612505,0.09009000000000177
532,-91.711603,0.09008999999999943
533,-90.810701,0.09008999999999805
534,-89.909799,0.09008999999999888
535,-89.008897,0.09008999999999963
536,-101.60989699999999,0.9909910000000048
537,-100.708861,0.990991000000004
538,-99.807825,0.9909910000000048
539,-98.90679000000002,0.9909909999999996
540,-98.005754,0.9909910000000008
541,-97.104718,0.9909910000000048
542,-96.20368300000001,0.9909909999999996
543,-95.30264699999998,0.9909910000000036
544,-94.40161099999999,0.9909910000000034
545,-93.50057600000001,0.9909909999999981
546,-92.59954,0.9909910000000004
547,-91.69850399999999,0.9909909999999972
548,-90.79746900000002,0.9909910000000012
549,-89.896433,0.9909910000000011
550,-88.995397,0.9909910000000018
551,-88.09436199999999,0.9909910000000011
552,-87.193326,0.9909910000000018
553,-86.29229,0.9909910000000042
554,-99.77609,1.8918920000000028
555,-98.87469700000001,1.8918919999999997
556,-97.973305,1.8918919999999984
557,-97.071913,1.8918920000000043
558,-96.170521,1.8918920000000021
559,-95.26912800000001,1.8918920000000021
560,-94.367736,1.8918919999999968
561,-93.466344,1.8918920000000012
562,-92.564952,1.8918920000000023
563,-91.66355900000002,1.8918920000000004
564,-90.76216699999999,1.8918920000000023
565,-89.86077499999999,1.8918919999999988
566,-88.959383,1.8918920000000017
567,-88.05799,1.8918919999999997
568,-87.156598,1.8918920000000028
569,-86.255206,1.8918919999999988
570,-85.353814,1.8918919999999992
571,-84.452421,1.8918920000000008
572,-83.551029,1.8918920000000017
573,-97.01855800000001,2.792793000000004
574,-96.116586,2.7927930000000005
575,-95.21461399999998,2.7927930000000054
576,-94.312641,2.7927930000000036
577,-93.41066900000001,2.792792999999996
578,-92.50869699999998,2.792793000000001
579,-91.606725,2.792792999999998
580,-90.704753,2.792793000000002
581,-89.80277999999998,2.7927929999999996
582,-88.90080799999998,2.792793000000003
583,-87.998836,2.792792999999998
584,-87.096864,2.792792999999998
585,-86.194892,2.792793000000004
586,-85.292919,2.7927930000000005
587,-84.390947,2.7927929999999983
588,-83.488975,2.7927930000000023
589,-82.587003,2.792793000000001
590,-81.68503099999998,2.792793
591,-80.783058,2.792792999999999
592,-94.236259,3.693694000000002
593,-93.333482,3.693693999999998
594,-92.43070600000001,3.693693999999999
595,-91.52793,3.6936940000000003
596,-90.625154,3.693694000000001
597,-89.72237799999999,3.693694
598,-88.819601,3.693693999999997
599,-87.916825,3.6936940000000003
600,-87.01404899999999,3.693694000000002
601,-86.111273,3.693694000000002
602,-85.208496,3.6936940000000003
603,-84.30572,3.693694
604,-83.402944,3.6936940000000003
605,-82.50016800000002,3.693693999999999
606,-81.597392,3.693694000000002
607,-80.694615,3.6936940000000003
608,-79.791839,3.693694
609,-78.889063,3.693694000000001
610,-91.427077,4.5945949999999955
611,-90.523272,4.594595
612,-89.619467,4.594594999999999
613,-88.715661,4.594595
614,-87.811856,4.594595000000001
615,-86.90805100000001,4.594594999999997
616,-86.004245,4.594594999999999
617,-85.10044,4.594594999999999
618,-84.19663500000001,4.594594999999999
619,-83.292829,4.594595
620,-82.389024,4.594595000000001
621,-81.48521900000001,4.594594999999999
622,-80.581413,4.594595000000001
623,-79.677608,4.594595000000001
624,-78.773803,4.594595
625,-77.869997,4.594595
626,-76.966192,4.594595
627,-88.588859,5.495495000000001
628,-87.683798,5.495495000000001
629,-86.778737,5.495495000000001
630,-85.87367599999999,5.495495000000002
631,-84.968616,5.495495000000004
632,-84.063555,5.495494999999999
633,-83.158494,5.4954950000000045
634,-82.253433,5.495495000000001
635,-81.348372,5.495495000000001
636,-80.44331200000002,5.495495000000001
637,-79.538251,5.495495000000003
638,-78.63319,5.495495000000002
639,-77.72812900000001,5.495494999999996
640,-74.107886,5.495495000000001
641,-86.625947,6.396396000000003
642,-85.71940299999999,6.396396000000003
643,-84.812859,6.396396000000001
644,-83.90631400000001,6.396396000000001
645,-82.99976999999998,6.396396000000001
646,-82.09322599999999,6.396396000000004
647,-81.186682,6.396396000000002
648,-80.280138,6.396395999999999
649,-79.373593,6.396396000000001
650,-78.467049,6.396396
651,-76.653961,6.396396
652,-73.027784,6.396396000000002
653,-72.12124,6.396395999999999
654,-83.724717,7.2972969999999995
655,-82.816459,7.297296999999999
656,-81.908202,7.297296999999999
657,-80.999944,7.2972969999999995
658,-80.09168699999998,7.297296999999999
659,-79.18342999999999,7.2972969999999995
660,-77.366915,7.297296999999999
661,-76.45865700000002,7.2972969999999995
662,-75.5504,7.2972969999999995
663,-72.825628,7.297296999999999
664,-69.192598,7.297296999999999
665,-68.284341,7.297296999999997
666,-81.69812799999998,8.198197999999996
667,-78.96752,8.198198
668,-76.23691300000002,8.198197999999996
669,-74.416508,8.198197999999998
670,-71.6859,8.198198000000001
671,-70.775698,8.198197999999998
672,-69.86549500000001,8.198197999999996
673,-68.95529299999998,8.198198000000001
674,-68.04509,8.198197999999998
675,-67.134888,8.198198
676,-66.224685,8.198197999999998
677,-78.725593,9.099099000000004
678,-76.900828,9.099099000000002
679,-73.25130000000001,9.099099000000004
680,-72.338918,9.099099000000004
681,-68.68939000000002,9.099099000000004
682,-67.777008,9.099099000000002
683,-66.86462599999999,9.099099000000004
684,-65.03986200000001,9.099099000000002
685,-63.215098000000005,9.099099000000004
686,-75.712943,10.0
687,-73.883345,10.000000000000004
688,-72.053748,10.0
689,-71.138949,9.999999999999996
690,-68.394553,10.000000000000002
691,-67.47975400000001,10.0
692,-66.564955,10.000000000000002
693,-65.65015600000001,9.999999999999998
694,-63.82055900000001,10.0
695,-61.076163,10.000000000000002
696,-73.575138,10.900901000000001
697,-72.657682,10.900901000000003
698,-69.905315,10.900901000000003
699,-68.987859,10.900901
700,-68.070403,10.900901
701,-66.23549200000001,10.900901000000001
702,-65.318036,10.900901000000001
703,-64.40058,10.900901
704,-62.565669,10.900901000000001
705,-61.648213000000005,10.900901000000003
706,-59.813302,10.900901000000003
707,-58.895846,10.900901
708,-57.978390000000005,10.900901
709,-71.39795,11.801801999999999
710,-69.55723799999998,11.801801999999999
711,-68.636881,11.801802
712,-67.716525,11.801802
713,-65.87581200000001,11.801802
714,-64.955456,11.801802
715,-64.0351,11.801802
716,-63.114743000000004,11.801801999999999
717,-62.19438700000002,11.801802
718,-61.27403000000001,11.801802
719,-60.353674,11.801802000000002
720,-59.43331799999999,11.801802
721,-58.512961000000004,11.801802
722,-57.592604999999985,11.801802
723,-56.672248999999994,11.801802
724,-55.75189199999999,11.801802
725,-68.255963,12.702702999999996
726,-67.332459,12.702702999999996
727,-66.408954,12.702703
728,-65.48545,12.702703000000003
729,-64.561945,12.702703000000001
730,-63.63844100000001,12.702703000000003
731,-62.714937,12.702702999999998
732,-61.791432,12.702703000000001
733,-59.94442300000002,12.702703000000001
734,-59.020919,12.702702999999998
735,-58.097414,12.702703
736,-57.17391000000001,12.702703
737,-56.25040599999999,12.702703000000001
738,-55.32690100000001,12.702703
739,-54.403396999999984,12.702703
740,-53.479892,12.702703000000001
741,-65.990799,13.603604
742,-65.063895,13.603603999999997
743,-64.13699099999998,13.603604000000004
744,-63.210087,13.603604
745,-62.283182999999994,13.603604000000004
746,-61.35627900000001,13.603603999999997
747,-60.429375,13.603604
748,-59.50247000000001,13.603604
749,-58.57556600000001,13.603604000000002
750,-57.648662,13.603604
751,-56.72175800000001,13.603604
752,-55.79485400000001,13.603604
753,-54.86795000000001,13.603604
754,-53.94104599999999,13.603604
755,-53.01414199999999,13.603604
756,-52.08723800000001,13.603604
757,-51.160334,13.603604000000002
758,-50.23343000000001,13.603603999999997
759,-62.749472000000004,14.504504999999996
760,-61.818912,14.504505
761,-59.957793,14.504505
762,-59.027233,14.504505000000004
763,-58.096672999999996,14.504505000000004
764,-57.16611400000001,14.504504999999996
765,-56.23555399999999,14.504505
766,-55.304994,14.504505
767,-54.374433999999994,14.504505000000007
768,-53.443875,14.504505000000004
769,-52.513315000000006,14.504505000000007
770,-51.582755000000006,14.504504999999996
771,-50.65219499999999,14.504505
772,-49.72163599999999,14.504504999999996
773,-48.79107599999998,14.504505
774,-47.86051600000002,14.504505
775,-60.387032000000005,15.405405
776,-59.452555999999994,15.405405
777,-58.518080000000005,15.405404999999998
778,-57.583603000000004,15.405404999999998
779,-56.64912699999999,15.405405000000007
780,-55.71465100000001,15.405405
781,-54.780174,15.405405
782,-53.845698,15.405405
783,-52.911222000000016,15.405404999999995
784,-51.976745,15.405405000000004
785,-51.04226899999998,15.405405000000004
786,-50.10779300000001,15.405405
787,-49.173317000000004,15.405405000000004
788,-48.23884,15.405405
789,-47.304364,15.405405
790,-46.369888,15.405404999999998
791,-45.435411000000016,15.405404999999998
792,-57.974326,16.306306
793,-57.035667000000004,16.306306
794,-56.09700800000001,16.306306000000003
795,-55.158349000000015,16.306305999999992
796,-54.21968999999999,16.306305999999996
797,-53.28103100000001,16.306306
798,-52.342372000000005,16.306306
799,-51.40371300000001,16.306306000000006
800,-50.465054000000016,16.306306
801,-49.526394999999994,16.306306000000003
802,-48.587736,16.306306
803,-47.649077,16.306306
804,-46.71041800000001,16.306305999999996
805,-45.77175900000001,16.306306
806,-44.833099999999995,16.306305999999996
807,-43.89444100000001,16.306306
808,-42.955782,16.306305999999996
809,-55.509008000000016,17.20720699999999
810,-54.565895000000005,17.207206999999993
811,-53.62278099999999,17.207207000000007
812,-52.67966800000001,17.207206999999997
813,-51.736554,17.207207
814,-50.793441,17.207207
815,-49.850327,17.207207
816,-48.907213,17.207206999999997
817,-47.964099999999995,17.207207000000004
818,-47.02098600000001,17.207207
819,-46.07787300000001,17.207207000000004
820,-45.134759,17.207207000000004
821,-44.19164599999999,17.207207000000004
822,-43.248532000000004,17.207207000000004
823,-42.305418,17.207206999999997
824,-41.362305,17.207207
825,-40.419191,17.207207000000007
826,-52.988629,18.108108
827,-52.040783,18.108108000000005
828,-51.092937000000006,18.108108
829,-50.145091,18.108108
830,-49.19724500000001,18.108108000000005
831,-48.24939900000002,18.108108
832,-47.301553,18.108108
833,-46.35370699999999,18.108108000000005
834,-45.40586100000001,18.108108
835,-44.45801500000001,18.10810800000001
836,-43.510169,18.10810800000001
837,-42.562323,18.10810800000001
838,-41.614476999999994,18.108108000000005
839,-40.66663100000001,18.108108
840,-39.718784999999976,18.108108
841,-38.770939,18.108108
842,-37.82309200000002,18.108108
843,-50.410629,19.009009000000002
844,-49.457766000000014,19.009009000000002
845,-48.504903000000006,19.009009000000006
846,-47.55203900000001,19.009009000000002
847,-46.59917600000001,19.009009000000002
848,-45.646313,19.009009000000002
849,-44.69345,19.009009000000002
850,-43.74058700000001,19.009009000000002
851,-42.78772400000001,19.009009000000002
852,-41.83486099999999,19.009009000000006
853,-40.88199799999999,19.00900900000001
854,-39.92913500000002,19.009009000000002
855,-38.976272000000016,19.009009000000002
856,-38.02340900000001,19.009009000000002
857,-37.070545999999986,19.009009000000002
858,-36.117683,19.009009000000006
859,-35.16482,19.009009000000002
860,-47.77232700000001,19.90991
861,-46.81415599999999,19.909910000000007
862,-45.85598399999999,19.909910000000004
863,-44.897813,19.909910000000004
864,-43.939641,19.909910000000004
865,-42.981470000000016,19.90991
866,-42.023298,19.909910000000004
867,-41.065126,19.90991
868,-40.10695500000001,19.909910000000004
869,-39.14878300000001,19.909910000000004
870,-38.190611999999994,19.909910000000004
871,-37.23244000000001,19.909910000000004
872,-36.27426899999999,19.909910000000004
873,-35.31609699999999,19.909910000000004
874,-34.357926,19.909910000000004
875,-33.399754000000016,19.909909999999993
876,-32.44158299999999,19.90991
877,-45.070919000000025,20.810810999999998
878,-44.107140000000015,20.810811
879,-43.143361000000006,20.810811
880,-42.179582000000025,20.810811
881,-41.215803,20.810811000000005
882,-40.25202400000001,20.810811000000008
883,-39.28824499999999,20.810811000000008
884,-38.324465000000004,20.810811
885,-37.360686,20.810811
886,-36.396907,20.810811000000005
887,-35.433127999999996,20.810811000000008
888,-34.469348999999994,20.810811
889,-33.505570000000006,20.810811000000008
890,-32.54179,20.810811000000005
891,-31.578011,20.810811000000008
892,-30.614231999999994,20.810811
893,-42.30346299999998,21.711711999999995
894,-41.33376899999999,21.711712000000002
895,-40.364075000000014,21.711711999999988
896,-39.39438100000001,21.711712000000006
897,-38.42468700000001,21.711711999999984
898,-37.45499300000001,21.711712000000002
899,-36.48529900000002,21.711711999999995
900,-35.515605000000015,21.711711999999995
901,-34.545912,21.711711999999995
902,-33.57621799999998,21.711711999999995
903,-32.606524,21.711711999999995
904,-31.636829999999996,21.711712000000006
905,-30.667136000000017,21.711711999999984
906,-29.69744200000001,21.711712
907,-28.72774800000001,21.711711999999995
908,-27.758054000000012,21.711711999999995
909,-39.46687000000002,22.612612999999996
910,-38.490946,22.612613
911,-37.515021000000004,22.612613
912,-36.539096999999984,22.612613
913,-35.563171999999994,22.612612999999996
914,-34.58724800000002,22.612612999999996
915,-33.611323,22.612612999999996
916,-32.635399,22.612612999999996
917,-31.65947400000001,22.612613
918,-30.683549,22.612613000000007
919,-29.707625000000014,22.612612999999996
920,-28.731700000000004,22.612612999999996
921,-27.755776000000004,22.612612999999996
922,-26.779850999999997,22.612612999999996
923,-25.803927000000023,22.612612999999996
924,-24.828001999999994,22.612613
925,-37.54037699999999,23.513513999999997
926,-36.557897,23.513513999999997
927,-35.575417,23.513513999999994
928,-34.59293700000001,23.513514000000004
929,-33.61045699999998,23.513514
930,-32.62797700000001,23.513514000000004
931,-31.645496000000005,23.513514000000008
932,-30.663015999999992,23.513514000000008
933,-29.68053600000001,23.513514
934,-28.69805600000002,23.513514000000004
935,-27.715576000000006,23.513514
936,-26.733096000000014,23.513514000000004
937,-25.750614999999996,23.513514
938,-24.768134999999997,23.513514
939,-23.785655000000002,23.513514
940,-22.803175000000003,23.513514000000008
941,-34.562504000000004,24.414414
942,-33.57313300000001,24.414414000000004
943,-32.583762,24.414414000000004
944,-31.59439100000001,24.414413999999997
945,-30.605021000000004,24.414414
946,-29.615649999999995,24.414413999999987
947,-28.626279000000007,24.414413999999997
948,-27.636908,24.414414
949,-26.647537999999987,24.414413999999994
950,-25.658167000000006,24.414413999999997
951,-24.668795999999997,24.414413999999994
952,-23.679425999999985,24.414413999999997
953,-22.690055000000008,24.414413999999997
954,-21.700683999999992,24.414414000000004
955,-20.71131299999999,24.414414000000004
956,-19.721943000000017,24.414414000000004
957,-32.50220000000001,25.31531499999998
958,-31.505593000000005,25.315314999999988
959,-30.508986000000007,25.315314999999988
960,-29.512379000000006,25.315314999999984
961,-28.515772999999992,25.315315
962,-27.519166000000027,25.315314999999984
963,-26.522559,25.315314999999988
964,-25.525952000000014,25.315315000000005
965,-24.529346000000004,25.31531499999999
966,-23.53273900000001,25.315314999999988
967,-22.536132000000002,25.315315000000002
968,-21.539525,25.31531499999999
969,-20.542918999999998,25.31531499999999
970,-19.546312000000007,25.315314999999988
971,-18.549705000000003,25.315315
972,-17.553097999999995,25.315314999999984
973,-29.370072999999994,26.216216
974,-28.365873000000008,26.216216
975,-27.361674,26.216216
976,-26.35747399999999,26.216215999999996
977,-25.353275,26.216216
978,-24.349075,26.216215999999992
979,-23.344876000000003,26.216216
980,-22.340676000000016,26.216215999999996
981,-21.336476999999995,26.216216000000003
982,-20.33227700000001,26.216215999999992
983,-19.328078000000016,26.216216
984,-18.323877999999997,26.216216
985,-17.319679000000015,26.216215999999992
986,-16.315479000000007,26.216215999999992
987,-15.311280000000005,26.216215999999992
988,-27.163688000000004,27.117117000000004
989,-26.151527,27.117117
990,-25.139366000000006,27.117116999999997
991,-24.127204999999996,27.117116999999997
992,-23.115043999999994,27.117116999999997
993,-22.102882999999988,27.117116999999997
994,-21.09072200000001,27.117117000000007
995,-20.078561,27.117116999999997
996,-19.066400000000005,27.117116999999997
997,-18.054239000000003,27.117116999999997
998,-17.042078,27.117117000000007
999,-16.02991699999999,27.117116999999997
1000,-15.017756000000007,27.117117000000004
1001,-14.005595000000005,27.117116999999997
1002,-11.981273000000014,27.117116999999997
1003,-24.883382000000005,28.018017999999998
1004,-23.862878,28.018017999999998
1005,-22.84237400000002,28.01801799999999
1006,-21.82187000000001,28.018018000000005
1007,-20.801366000000016,28.01801799999999
1008,-19.78086200000001,28.018017999999994
1009,-18.760356999999996,28.018017999999998
1010,-14.678341000000001,28.018017999999987
1011,-13.657837000000006,28.018017999999994
1012,-12.637333000000016,28.018018000000005
1013,-11.61682899999997,28.018017999999998
1014,-10.596324999999988,28.018017999999994
1015,-9.575820999999992,28.018018000000005
1016,-21.496673000000012,28.91891900000001
1017,-20.467430999999994,28.91891900000001
1018,-19.438188000000004,28.918919000000002
1019,-18.408946000000004,28.918919000000013
1020,-17.379704,28.918919000000013
1021,-16.350461000000003,28.91891900000001
1022,-15.321219000000012,28.918919000000002
1023,-14.291977000000001,28.918919000000013
1024,-12.233492000000007,28.918919000000002
1025,-11.204248999999985,28.918919000000013
1026,-9.145765000000013,28.918918999999995
1027,-8.116522000000018,28.918919000000002
1028,-7.08728,28.918919000000013
1029,-19.049461000000022,29.81981999999999
1030,-18.01107,29.819820000000004
1031,-16.97268,29.819820000000004
1032,-15.934289000000014,29.819819999999996
1033,-14.895899000000007,29.819819999999996
1034,-13.857507999999983,29.819820000000018
1035,-12.819116999999999,29.819819999999996
1036,-11.780727000000017,29.819819999999996
1037,-10.742336000000007,29.81982000000001
1038,-9.703945999999988,29.819820000000004
1039,-8.665555000000001,29.819820000000004
1040,-7.627163999999991,29.819820000000004
1041,-6.588774000000022,29.819820000000004
1042,-5.550383000000012,29.81982000000001
1043,-4.511993000000005,29.819820000000004
1044,-16.517574999999987,30.720720999999994
1045,-15.469610999999999,30.720721000000005
1046,-14.42164700000001,30.720720999999998
1047,-13.373682000000006,30.720720999999994
1048,-12.325717999999986,30.720721000000005
1049,-11.277754000000023,30.720720999999994
1050,-10.229789999999984,30.720720999999998
1051,-9.181825000000003,30.720721000000005
1052,-8.133860999999978,30.72072100000001
1053,-6.037933000000013,30.720720999999998
1054,-4.989967999999996,30.720720999999994
1055,-3.9420039999999945,30.72072100000001
1056,-2.894040000000019,30.720720999999998
1057,-1.8460760000000178,30.720720999999994
1058,-13.897121000000016,31.621621999999988
1059,-12.839141000000016,31.621621999999988
1060,-11.781161000000015,31.62162200000002
1061,-10.723181000000002,31.621622000000006
1062,-8.607219999999986,31.621621999999988
1063,-7.549239999999998,31.621622000000006
1064,-6.491259999999973,31.621621999999988
1065,-5.433280000000024,31.621621999999995
1066,-4.375300000000023,31.621622000000006
1067,-3.3173200000000107,31.621621999999988
1068,-1.2013589999999936,31.621622000000006
1069,-0.14337899999998083,31.621621999999995
1070,-11.183955000000006,32.52252300000001
1071,-10.115499000000009,32.522523
1072,-9.04704300000001,32.52252300000001
1073,-7.978586999999997,32.52252300000001
1074,-6.910130999999999,32.522523000000014
1075,-5.841674999999975,32.522523000000014
1076,-4.773219000000014,32.522523
1077,-3.704763000000003,32.522523
1078,-2.636307000000004,32.522523000000014
1079,-1.5678510000000054,32.52252299999999
1080,-0.4993950000000321,32.52252300000002
1081,0.5690610000000048,32.52252300000001
1082,1.6375170000000034,32.52252300000001
1083,2.705973000000015,32.52252300000001
1084,-9.45307600000001,33.423423
1085,-8.373665000000003,33.42342300000001
1086,-6.2148429999999975,33.42342300000001
1087,-5.135431999999989,33.423423
1088,-4.056022000000023,33.42342299999999
1089,-2.9766109999999766,33.423423
1090,-1.8972000000000189,33.423422999999985
1091,-0.8177889999999978,33.42342299999999
1092,0.2616219999999725,33.42342300000001
1093,1.3410329999999682,33.42342300000001
1094,2.420444000000002,33.423423
1095,3.499854999999972,33.42342300000001
1096,4.579265999999993,33.42342300000001
1097,5.658677000000002,33.42342299999999
1098,-5.461553000000013,34.324324
1099,-4.370688000000019,34.324324
1100,-3.279822000000021,34.32432399999998
1101,-2.1889570000000274,34.32432399999999
1102,-1.0980919999999952,34.324324
1103,-0.007225999999984803,34.324324
1104,1.083639000000009,34.32432399999998
1105,2.174504000000028,34.324324
1106,3.2653699999999874,34.324323999999976
1107,4.356234999999981,34.32432400000001
1108,5.447100000000001,34.32432399999999
1109,6.5379649999999945,34.324324
1110,7.628831000000004,34.32432399999999
1111,9.810561000000005,34.32432399999998
1112,-2.4426040000000047,35.225224999999995
1113,0.8659180000000137,35.225224999999995
1114,1.968758999999983,35.225224999999995
1115,3.071600000000003,35.225225
1116,5.277282000000018,35.225224999999995
1117,6.380122999999988,35.225225
1118,7.482963999999982,35.22522500000001
1119,8.585805000000002,35.225225
1120,9.688646000000011,35.225224999999995
1121,10.791486999999993,35.225225
1122,11.894327999999987,35.22522499999999
1123,-1.542191000000018,36.126125999999985
1124,-0.4268290000000301,36.126125999999985
1125,0.6885319999999666,36.126126
1126,1.8038930000000015,36.126126
1127,2.9192550000000024,36.126126
1128,4.034615999999999,36.126126000000006
1129,7.380699999999993,36.126126000000006
1130,8.496061000000042,36.126125999999985
1131,9.611422000000012,36.126125999999985
1132,11.842144999999997,36.12612599999999
1133,1.6806729999999994,37.02702699999999
1134,2.809125000000004,37.02702699999998
1135,3.937576000000005,37.027027000000004
1136,5.06602699999998,37.027027
1137,6.194478999999972,37.02702699999999
1138,7.3229299999999595,37.02702699999998
1139,9.579833000000002,37.02702699999999
1140,10.708284000000017,37.02702699999999
1141,3.884232999999995,37.927928
1142,5.026371000000006,37.92792800000001
1143,6.16850899999998,37.92792800000001
1144,7.3106469999999915,37.927928
1145,8.452785000000004,37.927927999999994
1146,9.594923000000014,37.927927999999994
1147,10.737061000000026,37.927928
1148,11.879199000000012,37.92792800000001
1149,6.188497999999999,38.828829000000006
1150,7.344947999999999,38.828829000000006
1151,8.50139899999999,38.828829000000006
1152,9.657848999999977,38.82882900000002
1153,10.814299000000004,38.828829000000006
