latitudeAirport,longitudeAirport,nameAirport,nameCountry,geometry
36.821392,7.811857,Les Salines,,POINT (7.811857 36.821392)
-12.916667,-46.933334,Arraias,Brazil,POINT (-46.933334 -12.916667)
16.709167,-9.635556,Aioun El Atrouss,Mauritania,POINT (-9.635556 16.709167)
40.630405,8.295891,Fertilia,Italy,POINT (8.295891 40.630405)
19.730556,-14.374444,Akjoujt,Mauritania,POINT (-14.374444 19.730556)
36.70058,3.21167,Houari Boumediene,,POINT (3.21167 36.70058)
-16.333332,-48.966667,Anapolis,Brazil,POINT (-48.966667 -16.333332)
-9.133333,-45.933334,Alto Parnaiba,Brazil,POINT (-45.933334 -9.133333)
20.499443,-13.046389,Mouakchott,Mauritania,POINT (-13.046389 20.499443)
27.883333,-0.283333,Adrar,,POINT (-0.283333 27.883333)
16.633333,-14.2,Abbaye,Mauritania,POINT (-14.2 16.633333)
36.75,5.083333,Bejaia,,POINT (5.083333 36.75)
13.34406,-16.6522,Yundum International,Gambia,POINT (-16.6522 13.34406)
35.566666,6.183333,Batna,,POINT (6.183333 35.566666)
11.3,-15.85,Bubaque,Guinea-Bissau,POINT (-15.85 11.3)
-11.083333,-43.13333,Barra,Brazil,POINT (-43.13333 -11.083333)
-12.073056,-45.00833,Barreiras,Brazil,POINT (-45.00833 -12.073056)
-15.869807,-47.921486,Presidente Juscelino Kubitschek,Brazil,POINT (-47.921486 -15.869807)
34.79333,5.738056,Mohamed Boudiaf,,POINT (5.738056 34.79333)
-7.516667,-46.05,Balsas,Brazil,POINT (-46.05 -7.516667)
35.166668,4.15,Ain Eddis,,POINT (4.15 35.166668)
14.841667,-12.467778,Bakel,Senegal,POINT (-12.467778 14.841667)
39.254333,9.060673,Elmas,Italy,POINT (9.060673 39.254333)
31.647778,-2.259722,Leger,,POINT (-2.259722 31.647778)
36.212223,1.331667,Aboubakr Belkaid,,POINT (1.331667 36.212223)
20.45,-12.366667,Chinguitti,Mauritania,POINT (-12.366667 20.45)
-2.916667,-40.833332,Camocim,Brazil,POINT (-40.833332 -2.916667)
-7.266667,-35.9,Joao Suassuna,Brazil,POINT (-35.9 -7.266667)
12.4,-16.75,Cap Skirring,Senegal,POINT (-16.75 12.4)
36.286476,6.618425,Constantine Mohamed Boudiaf International Airport,,POINT (6.618425 36.286476)
39.35,8.966667,Rafsu Decimomannu,Italy,POINT (8.966667 39.35)
14.744975,-17.490194,Dakar-Yoff-LÃ?opold SÃ?dar Senghor International,Senegal,POINT (-17.490194 14.744975)
-11.616667,-46.85,Dianopolis,Brazil,POINT (-46.85 -11.616667)
33.717804,1.094105,El Bayadh,,POINT (1.094105 33.717804)
30.5675,2.864722,Djamet,,POINT (2.864722 30.5675)
33.516666,6.783333,Guemar,,POINT (6.783333 33.516666)
-15.0,-44.0,Espinosa,Brazil,POINT (-44 -15)
15.133333,-10.566667,Yelimane,Mali,POINT (-10.566667 15.133333)
-3.85,-32.416668,Fernando De Noronha,Brazil,POINT (-32.416668 -3.85)
22.675,-12.731944,Fderik,Mauritania,POINT (-12.731944 22.675)
-6.8,-43.033333,Cangapara,Brazil,POINT (-43.033333 -6.8)
39.90306,8.59194,Fenosu,Italy,POINT (8.59194 39.90306)
-3.779073,-38.540836,Pinto Martins,Brazil,POINT (-38.540836 -3.779073)
33.88333,10.033333,Gabes,Tunisia,POINT (10.033333 33.88333)
34.416668,8.816667,Gafsa,Tunisia,POINT (8.816667 34.416668)
27.0,-7.566667,Gabala,Azerbaijan,POINT (-7.566667 27)
-6.781944,-43.58167,Guadalupe,Brazil,POINT (-43.58167 -6.781944)
32.38222,3.800556,Noumerate,,POINT (3.800556 32.38222)
36.8,5.883333,Jijel,,POINT (5.883333 36.8)
-11.666667,-49.216667,Gurupi,Brazil,POINT (-49.216667 -11.666667)
31.675303,6.145436,Oued Irara Airport,,POINT (6.145436 31.675303)
33.166668,3.2,Tilrempt,,POINT (3.2 33.166668)
27.25,2.516667,In Salah,,POINT (2.516667 27.25)
-11.3,-41.86667,Irece,Brazil,POINT (-41.86667 -11.3)
-11.183333,-40.516666,Jacobina,Brazil,POINT (-40.516666 -11.183333)
-7.2,-39.316666,Regional Do Cariri,Brazil,POINT (-39.316666 -7.2)
-15.474167,-44.385834,Januaria,Brazil,POINT (-44.385834 -15.474167)
-7.145357,-34.94816,Castro Pinto,Brazil,POINT (-34.94816 -7.145357)
12.883333,-14.966667,Kolda,Senegal,POINT (-14.966667 12.883333)
16.161388,-13.507778,Kaedi,Mauritania,POINT (-13.507778 16.161388)
16.588888,-11.405278,Kiffa,Mauritania,POINT (-11.405278 16.588888)
14.083333,-16.5,Kaolack,Senegal,POINT (-16.5 14.083333)
14.431944,-11.439444,Kayes,Mali,POINT (-11.439444 14.431944)
-13.256944,-43.4125,Bom Jesus Da Lapa,Brazil,POINT (-43.4125 -13.256944)
-12.48,-41.281113,Chapada Diamantina,Brazil,POINT (-41.281113 -12.48)
17.166668,-13.95,Aleg,Mauritania,POINT (-13.95 17.166668)
33.833332,2.983333,L'Mekrareg,,POINT (2.983333 33.833332)
15.593056,-13.323611,Matam,Senegal,POINT (-13.323611 15.593056)
16.033333,-12.583333,Mbout,Mauritania,POINT (-12.583333 16.033333)
35.76108,10.753155,Habib Bourguiba,Tunisia,POINT (10.753155 35.76108)
17.75,-12.5,Moudjeria,Mauritania,POINT (-12.5 17.75)
-13.533333,-48.233334,Municipal,Brazil,POINT (-48.233334 -13.533333)
35.333332,0.15,Mascara-Ghriss,,POINT (0.15 35.333332)
-5.166667,-37.25,Dixsept Rosado,Brazil,POINT (-37.25 -5.166667)
33.521942,-0.283056,Mechria,,POINT (-0.283056 33.521942)
-5.916787,-35.250244,Augusto Severo,Brazil,POINT (-35.250244 -5.916787)
36.075832,10.438611,Zine El Abidine Ben Ali International Airport,Tunisia,POINT (10.438611 36.075832)
13.066667,-12.716667,Niokolo Koba,Senegal,POINT (-12.716667 13.066667)
18.098148,-15.952041,Nouakchott,Mauritania,POINT (-15.952041 18.098148)
-14.0,-48.983334,Niquelandia,Brazil,POINT (-48.983334 -14)
31.916668,5.4,Ain Beida,,POINT (5.4 31.916668)
17.75,-14.666667,Boutilimit,Mauritania,POINT (-14.666667 17.75)
22.733334,-12.35,Zouerate,Mauritania,POINT (-12.35 22.733334)
11.888889,-15.657222,Osvaldo Vieira International,Guinea-Bissau,POINT (-15.657222 11.888889)
-9.397778,-38.22222,Paulo Afonso,Brazil,POINT (-38.22222 -9.397778)
-7.083333,-41.466667,Picos,Brazil,POINT (-41.466667 -7.083333)
-10.241667,-48.35278,Palmas,Brazil,POINT (-48.35278 -10.241667)
-10.7,-48.416668,Porto Nacional,Brazil,POINT (-48.416668 -10.7)
36.81361,11.966111,Pantelleria,Italy,POINT (11.966111 36.81361)
-9.393333,-40.490555,Internacional,Brazil,POINT (-40.490555 -9.393333)
16.666668,-14.966667,Podor,Senegal,POINT (-14.966667 16.666668)
36.18139,5.331111,Setif,,POINT (5.331111 36.18139)
16.437222,-15.657222,Richard Toll,Senegal,POINT (-15.657222 16.437222)
12.483333,-13.3,Sambailo,Guinea,POINT (-13.3 12.483333)
-10.45,-40.183334,Senhor Do Bonfim,Brazil,POINT (-40.183334 -10.45)
15.182222,-12.206111,Selibaby,Mauritania,POINT (-12.206111 15.182222)
34.716667,10.683333,Sfax Thyna,Tunisia,POINT (10.683333 34.716667)
13.166667,-13.166667,Simenti,Senegal,POINT (-13.166667 13.166667)
-6.216667,-36.016666,Santa Cruz,Brazil,POINT (-36.016666 -6.216667)
-13.316667,-50.216667,SÃ?o Miguel de Aragao,Brazil,POINT (-50.216667 -13.316667)
36.978333,8.876389,Tabarka,Tunisia,POINT (8.876389 36.978333)
35.466667,8.15,Tbessa,,POINT (8.15 35.466667)
33.058334,6.084722,Touggourt,,POINT (6.084722 33.058334)
-5.06335,-42.821087,Senador PetrÃ?nio Portella,Brazil,POINT (-42.821087 -5.06335)
18.45,-9.5,Tichitt,Mauritania,POINT (-9.5 18.45)
17.233334,-10.816667,Tamchakett,Mauritania,POINT (-10.816667 17.233334)
35.466667,1.35,Bouchekif Abde Al-hafidh Boussof,,POINT (1.35 35.466667)
27.716667,-8.166667,Tindouf,,POINT (-8.166667 27.716667)
18.566668,-11.416667,Tidjikja,Mauritania,POINT (-11.416667 18.566668)
29.233334,0.283333,Timimoun,,POINT (0.283333 29.233334)
33.916668,8.133333,Tozeur,Tunisia,POINT (8.133333 33.916668)
37.901386,12.495865,Birgi,Italy,POINT (12.495865 37.901386)
39.916668,9.683333,Arbatax,Italy,POINT (9.683333 39.916668)
13.736111,-13.658333,Tambacounda,Senegal,POINT (-13.658333 13.736111)
36.847622,10.21709,Carthage,Tunisia,POINT (10.21709 36.847622)
-7.133333,-37.183334,Teixeira de Freitas,Brazil,POINT (-37.183334 -7.133333)
16.050278,-16.460278,St Louis,Senegal,POINT (-16.460278 16.050278)
12.556111,-16.275833,Ziguinchor,Senegal,POINT (-16.275833 12.556111)
14.67,-17.073333,"Blaise Diagne International Airport
",Senegal,POINT (-17.073333 14.67)
-2.906667,-40.358056,Comte. Ariston Pessoa Regional Airport,Brazil,POINT (-40.358056 -2.906667)
-16.126126,-48.70787,unkown,unkown,POINT (-48.70787 -16.126126)
-16.126126,-47.770069,unkown,unkown,POINT (-47.770069 -16.126126)
-16.126126,-46.832268,unkown,unkown,POINT (-46.832268 -16.126126)
-16.126126,-45.894467,unkown,unkown,POINT (-45.894467 -16.126126)
-16.126126,-44.956667,unkown,unkown,POINT (-44.956667 -16.126126)
-15.225225,-50.219609,unkown,unkown,POINT (-50.219609 -15.225225)
-15.225225,-49.285937,unkown,unkown,POINT (-49.285937 -15.225225)
-15.225225,-48.352265,unkown,unkown,POINT (-48.352265 -15.225225)
-15.225225,-47.418593,unkown,unkown,POINT (-47.418593 -15.225225)
-15.225225,-46.484921,unkown,unkown,POINT (-46.484921 -15.225225)
-15.225225,-45.551249,unkown,unkown,POINT (-45.551249 -15.225225)
-15.225225,-44.617577,unkown,unkown,POINT (-44.617577 -15.225225)
-14.324324,-49.826894,unkown,unkown,POINT (-49.826894 -14.324324)
-14.324324,-48.897086,unkown,unkown,POINT (-48.897086 -14.324324)
-14.324324,-47.967278,unkown,unkown,POINT (-47.967278 -14.324324)
-14.324324,-47.03747,unkown,unkown,POINT (-47.03747 -14.324324)
-14.324324,-46.107662,unkown,unkown,POINT (-46.107662 -14.324324)
-14.324324,-45.177854,unkown,unkown,POINT (-45.177854 -14.324324)
-14.324324,-44.248047,unkown,unkown,POINT (-44.248047 -14.324324)
-14.324324,-43.318239,unkown,unkown,POINT (-43.318239 -14.324324)
-13.423423,-50.331466,unkown,unkown,POINT (-50.331466 -13.423423)
-13.423423,-49.405262,unkown,unkown,POINT (-49.405262 -13.423423)
-13.423423,-48.479059,unkown,unkown,POINT (-48.479059 -13.423423)
-13.423423,-47.552855,unkown,unkown,POINT (-47.552855 -13.423423)
-13.423423,-46.626651,unkown,unkown,POINT (-46.626651 -13.423423)
-13.423423,-45.700447,unkown,unkown,POINT (-45.700447 -13.423423)
-13.423423,-44.774243,unkown,unkown,POINT (-44.774243 -13.423423)
-13.423423,-43.84804,unkown,unkown,POINT (-43.84804 -13.423423)
-13.423423,-42.921836,unkown,unkown,POINT (-42.921836 -13.423423)
-13.423423,-41.995632,unkown,unkown,POINT (-41.995632 -13.423423)
-12.522523,-50.800324,unkown,unkown,POINT (-50.800324 -12.522523)
-12.522523,-49.877469,unkown,unkown,POINT (-49.877469 -12.522523)
-12.522523,-48.954614,unkown,unkown,POINT (-48.954614 -12.522523)
-12.522523,-48.031759,unkown,unkown,POINT (-48.031759 -12.522523)
-12.522523,-47.108904,unkown,unkown,POINT (-47.108904 -12.522523)
-12.522523,-46.186049,unkown,unkown,POINT (-46.186049 -12.522523)
-12.522523,-45.263195,unkown,unkown,POINT (-45.263195 -12.522523)
-12.522523,-44.34034,unkown,unkown,POINT (-44.34034 -12.522523)
-12.522523,-43.417485,unkown,unkown,POINT (-43.417485 -12.522523)
-12.522523,-42.49463,unkown,unkown,POINT (-42.49463 -12.522523)
-12.522523,-41.571775,unkown,unkown,POINT (-41.571775 -12.522523)
-11.621622,-50.314326,unkown,unkown,POINT (-50.314326 -11.621622)
-11.621622,-49.394569,unkown,unkown,POINT (-49.394569 -11.621622)
-11.621622,-48.474813,unkown,unkown,POINT (-48.474813 -11.621622)
-11.621622,-47.555056,unkown,unkown,POINT (-47.555056 -11.621622)
-11.621622,-46.6353,unkown,unkown,POINT (-46.6353 -11.621622)
-11.621622,-45.715543,unkown,unkown,POINT (-45.715543 -11.621622)
-11.621622,-44.795786,unkown,unkown,POINT (-44.795786 -11.621622)
-11.621622,-43.87603,unkown,unkown,POINT (-43.87603 -11.621622)
-11.621622,-42.956273,unkown,unkown,POINT (-42.956273 -11.621622)
-11.621622,-42.036517,unkown,unkown,POINT (-42.036517 -11.621622)
-11.621622,-41.11676,unkown,unkown,POINT (-41.11676 -11.621622)
-11.621622,-40.197004,unkown,unkown,POINT (-40.197004 -11.621622)
-10.720721,-49.799499,unkown,unkown,POINT (-49.799499 -10.720721)
-10.720721,-48.882594,unkown,unkown,POINT (-48.882594 -10.720721)
-10.720721,-47.965689,unkown,unkown,POINT (-47.965689 -10.720721)
-10.720721,-47.048784,unkown,unkown,POINT (-47.048784 -10.720721)
-10.720721,-46.131879,unkown,unkown,POINT (-46.131879 -10.720721)
-10.720721,-45.214974,unkown,unkown,POINT (-45.214974 -10.720721)
-10.720721,-44.298069,unkown,unkown,POINT (-44.298069 -10.720721)
-10.720721,-43.381164,unkown,unkown,POINT (-43.381164 -10.720721)
-10.720721,-42.464259,unkown,unkown,POINT (-42.464259 -10.720721)
-10.720721,-41.547354,unkown,unkown,POINT (-41.547354 -10.720721)
-10.720721,-40.630449,unkown,unkown,POINT (-40.630449 -10.720721)
-10.720721,-39.713544,unkown,unkown,POINT (-39.713544 -10.720721)
-9.81982,-48.341334,unkown,unkown,POINT (-48.341334 -9.81982)
-9.81982,-47.427038,unkown,unkown,POINT (-47.427038 -9.81982)
-9.81982,-46.512741,unkown,unkown,POINT (-46.512741 -9.81982)
-9.81982,-45.598445,unkown,unkown,POINT (-45.598445 -9.81982)
-9.81982,-44.684149,unkown,unkown,POINT (-44.684149 -9.81982)
-9.81982,-43.769852,unkown,unkown,POINT (-43.769852 -9.81982)
-9.81982,-42.855556,unkown,unkown,POINT (-42.855556 -9.81982)
-9.81982,-41.94126,unkown,unkown,POINT (-41.94126 -9.81982)
-9.81982,-41.026964,unkown,unkown,POINT (-41.026964 -9.81982)
-9.81982,-40.112667,unkown,unkown,POINT (-40.112667 -9.81982)
-9.81982,-39.198371,unkown,unkown,POINT (-39.198371 -9.81982)
-9.81982,-38.284075,unkown,unkown,POINT (-38.284075 -9.81982)
-8.918919,-47.770547,unkown,unkown,POINT (-47.770547 -8.918919)
-8.918919,-46.85862,unkown,unkown,POINT (-46.85862 -8.918919)
-8.918919,-45.946692,unkown,unkown,POINT (-45.946692 -8.918919)
-8.918919,-45.034765,unkown,unkown,POINT (-45.034765 -8.918919)
-8.918919,-44.122838,unkown,unkown,POINT (-44.122838 -8.918919)
-8.918919,-43.210911,unkown,unkown,POINT (-43.210911 -8.918919)
-8.918919,-42.298983,unkown,unkown,POINT (-42.298983 -8.918919)
-8.918919,-41.387056,unkown,unkown,POINT (-41.387056 -8.918919)
-8.918919,-40.475129,unkown,unkown,POINT (-40.475129 -8.918919)
-8.918919,-39.563202,unkown,unkown,POINT (-39.563202 -8.918919)
-8.918919,-38.651274,unkown,unkown,POINT (-38.651274 -8.918919)
-8.918919,-37.739347,unkown,unkown,POINT (-37.739347 -8.918919)
-8.018018,-47.169956,unkown,unkown,POINT (-47.169956 -8.018018)
-8.018018,-46.260161,unkown,unkown,POINT (-46.260161 -8.018018)
-8.018018,-45.350366,unkown,unkown,POINT (-45.350366 -8.018018)
-8.018018,-44.440571,unkown,unkown,POINT (-44.440571 -8.018018)
-8.018018,-43.530776,unkown,unkown,POINT (-43.530776 -8.018018)
-8.018018,-42.620982,unkown,unkown,POINT (-42.620982 -8.018018)
-8.018018,-41.711187,unkown,unkown,POINT (-41.711187 -8.018018)
-8.018018,-40.801392,unkown,unkown,POINT (-40.801392 -8.018018)
-8.018018,-39.891597,unkown,unkown,POINT (-39.891597 -8.018018)
-8.018018,-38.981802,unkown,unkown,POINT (-38.981802 -8.018018)
-8.018018,-38.072007,unkown,unkown,POINT (-38.072007 -8.018018)
-8.018018,-37.162213,unkown,unkown,POINT (-37.162213 -8.018018)
-8.018018,-36.252418,unkown,unkown,POINT (-36.252418 -8.018018)
-7.117117,-45.631352,unkown,unkown,POINT (-45.631352 -7.117117)
-7.117117,-44.723456,unkown,unkown,POINT (-44.723456 -7.117117)
-7.117117,-43.815559,unkown,unkown,POINT (-43.815559 -7.117117)
-7.117117,-42.907663,unkown,unkown,POINT (-42.907663 -7.117117)
-7.117117,-41.999767,unkown,unkown,POINT (-41.999767 -7.117117)
-7.117117,-41.091871,unkown,unkown,POINT (-41.091871 -7.117117)
-7.117117,-40.183974,unkown,unkown,POINT (-40.183974 -7.117117)
-7.117117,-39.276078,unkown,unkown,POINT (-39.276078 -7.117117)
-7.117117,-38.368182,unkown,unkown,POINT (-38.368182 -7.117117)
-7.117117,-37.460285,unkown,unkown,POINT (-37.460285 -7.117117)
-7.117117,-36.552389,unkown,unkown,POINT (-36.552389 -7.117117)
-7.117117,-35.644493,unkown,unkown,POINT (-35.644493 -7.117117)
-6.216216,-44.971849,unkown,unkown,POINT (-44.971849 -6.216216)
-6.216216,-44.065619,unkown,unkown,POINT (-44.065619 -6.216216)
-6.216216,-43.15939,unkown,unkown,POINT (-43.15939 -6.216216)
-6.216216,-42.253161,unkown,unkown,POINT (-42.253161 -6.216216)
-6.216216,-41.346932,unkown,unkown,POINT (-41.346932 -6.216216)
-6.216216,-40.440702,unkown,unkown,POINT (-40.440702 -6.216216)
-6.216216,-39.534473,unkown,unkown,POINT (-39.534473 -6.216216)
-6.216216,-38.628244,unkown,unkown,POINT (-38.628244 -6.216216)
-6.216216,-37.722015,unkown,unkown,POINT (-37.722015 -6.216216)
-6.216216,-36.815786,unkown,unkown,POINT (-36.815786 -6.216216)
-6.216216,-35.909556,unkown,unkown,POINT (-35.909556 -6.216216)
-6.216216,-35.003327,unkown,unkown,POINT (-35.003327 -6.216216)
-6.216216,-34.097098,unkown,unkown,POINT (-34.097098 -6.216216)
-5.315315,-43.376479,unkown,unkown,POINT (-43.376479 -5.315315)
-5.315315,-42.471687,unkown,unkown,POINT (-42.471687 -5.315315)
-5.315315,-41.566896,unkown,unkown,POINT (-41.566896 -5.315315)
-5.315315,-40.662104,unkown,unkown,POINT (-40.662104 -5.315315)
-5.315315,-39.757313,unkown,unkown,POINT (-39.757313 -5.315315)
-5.315315,-38.852521,unkown,unkown,POINT (-38.852521 -5.315315)
-5.315315,-37.94773,unkown,unkown,POINT (-37.94773 -5.315315)
-5.315315,-37.042938,unkown,unkown,POINT (-37.042938 -5.315315)
-5.315315,-36.138147,unkown,unkown,POINT (-36.138147 -5.315315)
-5.315315,-35.233355,unkown,unkown,POINT (-35.233355 -5.315315)
-5.315315,-34.328564,unkown,unkown,POINT (-34.328564 -5.315315)
-5.315315,-33.423772,unkown,unkown,POINT (-33.423772 -5.315315)
-4.414414,-42.65562,unkown,unkown,POINT (-42.65562 -4.414414)
-4.414414,-41.752038,unkown,unkown,POINT (-41.752038 -4.414414)
-4.414414,-40.848457,unkown,unkown,POINT (-40.848457 -4.414414)
-4.414414,-39.944876,unkown,unkown,POINT (-39.944876 -4.414414)
-4.414414,-39.041294,unkown,unkown,POINT (-39.041294 -4.414414)
-4.414414,-38.137713,unkown,unkown,POINT (-38.137713 -4.414414)
-4.414414,-37.234131,unkown,unkown,POINT (-37.234131 -4.414414)
-4.414414,-36.33055,unkown,unkown,POINT (-36.33055 -4.414414)
-4.414414,-35.426968,unkown,unkown,POINT (-35.426968 -4.414414)
-4.414414,-34.523387,unkown,unkown,POINT (-34.523387 -4.414414)
-4.414414,-33.619805,unkown,unkown,POINT (-33.619805 -4.414414)
-4.414414,-32.716224,unkown,unkown,POINT (-32.716224 -4.414414)
-3.513514,-41.90259,unkown,unkown,POINT (-41.90259 -3.513514)
-3.513514,-40.999993,unkown,unkown,POINT (-40.999993 -3.513514)
-3.513514,-40.097396,unkown,unkown,POINT (-40.097396 -3.513514)
-3.513514,-39.194798,unkown,unkown,POINT (-39.194798 -3.513514)
-3.513514,-38.292201,unkown,unkown,POINT (-38.292201 -3.513514)
-3.513514,-37.389603,unkown,unkown,POINT (-37.389603 -3.513514)
-3.513514,-36.487006,unkown,unkown,POINT (-36.487006 -3.513514)
-3.513514,-35.584408,unkown,unkown,POINT (-35.584408 -3.513514)
-3.513514,-34.681811,unkown,unkown,POINT (-34.681811 -3.513514)
-3.513514,-33.779213,unkown,unkown,POINT (-33.779213 -3.513514)
-3.513514,-32.876616,unkown,unkown,POINT (-32.876616 -3.513514)
-3.513514,-31.974018,unkown,unkown,POINT (-31.974018 -3.513514)
-3.513514,-31.071421,unkown,unkown,POINT (-31.071421 -3.513514)
-2.612613,-41.116901,unkown,unkown,POINT (-41.116901 -2.612613)
-2.612613,-40.215062,unkown,unkown,POINT (-40.215062 -2.612613)
-2.612613,-39.313224,unkown,unkown,POINT (-39.313224 -2.612613)
-2.612613,-38.411386,unkown,unkown,POINT (-38.411386 -2.612613)
-2.612613,-37.509547,unkown,unkown,POINT (-37.509547 -2.612613)
-2.612613,-36.607709,unkown,unkown,POINT (-36.607709 -2.612613)
-2.612613,-35.705871,unkown,unkown,POINT (-35.705871 -2.612613)
-2.612613,-34.804032,unkown,unkown,POINT (-34.804032 -2.612613)
-2.612613,-33.902194,unkown,unkown,POINT (-33.902194 -2.612613)
-2.612613,-33.000356,unkown,unkown,POINT (-33.000356 -2.612613)
-2.612613,-32.098517,unkown,unkown,POINT (-32.098517 -2.612613)
-2.612613,-31.196679,unkown,unkown,POINT (-31.196679 -2.612613)
-2.612613,-30.294841,unkown,unkown,POINT (-30.294841 -2.612613)
-1.711712,-39.396719,unkown,unkown,POINT (-39.396719 -1.711712)
-1.711712,-38.495416,unkown,unkown,POINT (-38.495416 -1.711712)
-1.711712,-37.594113,unkown,unkown,POINT (-37.594113 -1.711712)
-1.711712,-36.69281,unkown,unkown,POINT (-36.69281 -1.711712)
-1.711712,-35.791506,unkown,unkown,POINT (-35.791506 -1.711712)
-1.711712,-34.890203,unkown,unkown,POINT (-34.890203 -1.711712)
-1.711712,-33.9889,unkown,unkown,POINT (-33.9889 -1.711712)
-1.711712,-33.087597,unkown,unkown,POINT (-33.087597 -1.711712)
-1.711712,-32.186294,unkown,unkown,POINT (-32.186294 -1.711712)
-1.711712,-31.284991,unkown,unkown,POINT (-31.284991 -1.711712)
-1.711712,-30.383688,unkown,unkown,POINT (-30.383688 -1.711712)
-1.711712,-29.482385,unkown,unkown,POINT (-29.482385 -1.711712)
-0.810811,-38.544395,unkown,unkown,POINT (-38.544395 -0.810811)
-0.810811,-37.643404,unkown,unkown,POINT (-37.643404 -0.810811)
-0.810811,-36.742413,unkown,unkown,POINT (-36.742413 -0.810811)
-0.810811,-35.841422,unkown,unkown,POINT (-35.841422 -0.810811)
-0.810811,-34.94043,unkown,unkown,POINT (-34.94043 -0.810811)
-0.810811,-34.039439,unkown,unkown,POINT (-34.039439 -0.810811)
-0.810811,-33.138448,unkown,unkown,POINT (-33.138448 -0.810811)
-0.810811,-32.237457,unkown,unkown,POINT (-32.237457 -0.810811)
-0.810811,-31.336466,unkown,unkown,POINT (-31.336466 -0.810811)
-0.810811,-30.435475,unkown,unkown,POINT (-30.435475 -0.810811)
-0.810811,-29.534484,unkown,unkown,POINT (-29.534484 -0.810811)
-0.810811,-28.633493,unkown,unkown,POINT (-28.633493 -0.810811)
0.09009,-37.657482,unkown,unkown,POINT (-37.657482 0.09009)
0.09009,-36.75658,unkown,unkown,POINT (-36.75658 0.09009)
0.09009,-35.855678,unkown,unkown,POINT (-35.855678 0.09009)
0.09009,-34.954776,unkown,unkown,POINT (-34.954776 0.09009)
0.09009,-34.053874,unkown,unkown,POINT (-34.053874 0.09009)
0.09009,-33.152972,unkown,unkown,POINT (-33.152972 0.09009)
0.09009,-32.25207,unkown,unkown,POINT (-32.25207 0.09009)
0.09009,-31.351168,unkown,unkown,POINT (-31.351168 0.09009)
0.09009,-30.450266,unkown,unkown,POINT (-30.450266 0.09009)
0.09009,-29.549364,unkown,unkown,POINT (-29.549364 0.09009)
0.09009,-28.648462,unkown,unkown,POINT (-28.648462 0.09009)
0.09009,-27.74756,unkown,unkown,POINT (-27.74756 0.09009)
0.990991,-36.735328,unkown,unkown,POINT (-36.735328 0.990991)
0.990991,-35.834293,unkown,unkown,POINT (-35.834293 0.990991)
0.990991,-34.933257,unkown,unkown,POINT (-34.933257 0.990991)
0.990991,-34.032221,unkown,unkown,POINT (-34.032221 0.990991)
0.990991,-33.131186,unkown,unkown,POINT (-33.131186 0.990991)
0.990991,-32.23015,unkown,unkown,POINT (-32.23015 0.990991)
0.990991,-31.329114,unkown,unkown,POINT (-31.329114 0.990991)
0.990991,-30.428079,unkown,unkown,POINT (-30.428079 0.990991)
0.990991,-29.527043,unkown,unkown,POINT (-29.527043 0.990991)
0.990991,-28.626007,unkown,unkown,POINT (-28.626007 0.990991)
0.990991,-27.724972,unkown,unkown,POINT (-27.724972 0.990991)
0.990991,-26.823936,unkown,unkown,POINT (-26.823936 0.990991)
0.990991,-25.9229,unkown,unkown,POINT (-25.9229 0.990991)
1.891892,-35.77724,unkown,unkown,POINT (-35.77724 1.891892)
1.891892,-34.875847,unkown,unkown,POINT (-34.875847 1.891892)
1.891892,-33.974455,unkown,unkown,POINT (-33.974455 1.891892)
1.891892,-33.073063,unkown,unkown,POINT (-33.073063 1.891892)
1.891892,-32.171671,unkown,unkown,POINT (-32.171671 1.891892)
1.891892,-31.270278,unkown,unkown,POINT (-31.270278 1.891892)
1.891892,-30.368886,unkown,unkown,POINT (-30.368886 1.891892)
1.891892,-29.467494,unkown,unkown,POINT (-29.467494 1.891892)
1.891892,-28.566102,unkown,unkown,POINT (-28.566102 1.891892)
1.891892,-27.664709,unkown,unkown,POINT (-27.664709 1.891892)
1.891892,-26.763317,unkown,unkown,POINT (-26.763317 1.891892)
1.891892,-25.861925,unkown,unkown,POINT (-25.861925 1.891892)
1.891892,-24.960533,unkown,unkown,POINT (-24.960533 1.891892)
2.792793,-34.782476,unkown,unkown,POINT (-34.782476 2.792793)
2.792793,-33.880504,unkown,unkown,POINT (-33.880504 2.792793)
2.792793,-32.978532,unkown,unkown,POINT (-32.978532 2.792793)
2.792793,-32.07656,unkown,unkown,POINT (-32.07656 2.792793)
2.792793,-31.174588,unkown,unkown,POINT (-31.174588 2.792793)
2.792793,-30.272615,unkown,unkown,POINT (-30.272615 2.792793)
2.792793,-29.370643,unkown,unkown,POINT (-29.370643 2.792793)
2.792793,-28.468671,unkown,unkown,POINT (-28.468671 2.792793)
2.792793,-27.566699,unkown,unkown,POINT (-27.566699 2.792793)
2.792793,-26.664727,unkown,unkown,POINT (-26.664727 2.792793)
2.792793,-25.762754,unkown,unkown,POINT (-25.762754 2.792793)
2.792793,-24.860782,unkown,unkown,POINT (-24.860782 2.792793)
2.792793,-23.95881,unkown,unkown,POINT (-23.95881 2.792793)
3.693694,-33.750252,unkown,unkown,POINT (-33.750252 3.693694)
3.693694,-32.847475,unkown,unkown,POINT (-32.847475 3.693694)
3.693694,-31.944699,unkown,unkown,POINT (-31.944699 3.693694)
3.693694,-31.041923,unkown,unkown,POINT (-31.041923 3.693694)
3.693694,-30.139147,unkown,unkown,POINT (-30.139147 3.693694)
3.693694,-29.236371,unkown,unkown,POINT (-29.236371 3.693694)
3.693694,-28.333594,unkown,unkown,POINT (-28.333594 3.693694)
3.693694,-27.430818,unkown,unkown,POINT (-27.430818 3.693694)
3.693694,-26.528042,unkown,unkown,POINT (-26.528042 3.693694)
3.693694,-25.625266,unkown,unkown,POINT (-25.625266 3.693694)
3.693694,-24.722489,unkown,unkown,POINT (-24.722489 3.693694)
3.693694,-23.819713,unkown,unkown,POINT (-23.819713 3.693694)
3.693694,-22.916937,unkown,unkown,POINT (-22.916937 3.693694)
4.594595,-32.679731,unkown,unkown,POINT (-32.679731 4.594595)
4.594595,-31.775925,unkown,unkown,POINT (-31.775925 4.594595)
4.594595,-30.87212,unkown,unkown,POINT (-30.87212 4.594595)
4.594595,-29.968315,unkown,unkown,POINT (-29.968315 4.594595)
4.594595,-29.064509,unkown,unkown,POINT (-29.064509 4.594595)
4.594595,-28.160704,unkown,unkown,POINT (-28.160704 4.594595)
4.594595,-27.256899,unkown,unkown,POINT (-27.256899 4.594595)
4.594595,-26.353093,unkown,unkown,POINT (-26.353093 4.594595)
4.594595,-25.449288,unkown,unkown,POINT (-25.449288 4.594595)
4.594595,-24.545483,unkown,unkown,POINT (-24.545483 4.594595)
4.594595,-23.641677,unkown,unkown,POINT (-23.641677 4.594595)
4.594595,-22.737872,unkown,unkown,POINT (-22.737872 4.594595)
5.495495,-31.570028,unkown,unkown,POINT (-31.570028 5.495495)
5.495495,-30.664967,unkown,unkown,POINT (-30.664967 5.495495)
5.495495,-29.759906,unkown,unkown,POINT (-29.759906 5.495495)
5.495495,-28.854846,unkown,unkown,POINT (-28.854846 5.495495)
5.495495,-27.949785,unkown,unkown,POINT (-27.949785 5.495495)
5.495495,-27.044724,unkown,unkown,POINT (-27.044724 5.495495)
5.495495,-26.139663,unkown,unkown,POINT (-26.139663 5.495495)
5.495495,-25.234602,unkown,unkown,POINT (-25.234602 5.495495)
5.495495,-24.329542,unkown,unkown,POINT (-24.329542 5.495495)
5.495495,-23.424481,unkown,unkown,POINT (-23.424481 5.495495)
5.495495,-22.51942,unkown,unkown,POINT (-22.51942 5.495495)
5.495495,-21.614359,unkown,unkown,POINT (-21.614359 5.495495)
6.396396,-31.326751,unkown,unkown,POINT (-31.326751 6.396396)
6.396396,-30.420206,unkown,unkown,POINT (-30.420206 6.396396)
6.396396,-29.513662,unkown,unkown,POINT (-29.513662 6.396396)
6.396396,-28.607118,unkown,unkown,POINT (-28.607118 6.396396)
6.396396,-27.700574,unkown,unkown,POINT (-27.700574 6.396396)
6.396396,-26.79403,unkown,unkown,POINT (-26.79403 6.396396)
6.396396,-25.887485,unkown,unkown,POINT (-25.887485 6.396396)
6.396396,-24.980941,unkown,unkown,POINT (-24.980941 6.396396)
6.396396,-24.074397,unkown,unkown,POINT (-24.074397 6.396396)
6.396396,-23.167853,unkown,unkown,POINT (-23.167853 6.396396)
6.396396,-22.261309,unkown,unkown,POINT (-22.261309 6.396396)
6.396396,-21.354764,unkown,unkown,POINT (-21.354764 6.396396)
6.396396,-20.44822,unkown,unkown,POINT (-20.44822 6.396396)
7.297297,-30.137531,unkown,unkown,POINT (-30.137531 7.297297)
7.297297,-29.229273,unkown,unkown,POINT (-29.229273 7.297297)
7.297297,-28.321016,unkown,unkown,POINT (-28.321016 7.297297)
7.297297,-27.412758,unkown,unkown,POINT (-27.412758 7.297297)
7.297297,-26.504501,unkown,unkown,POINT (-26.504501 7.297297)
7.297297,-25.596244,unkown,unkown,POINT (-25.596244 7.297297)
7.297297,-24.687986,unkown,unkown,POINT (-24.687986 7.297297)
7.297297,-23.779729,unkown,unkown,POINT (-23.779729 7.297297)
7.297297,-22.871471,unkown,unkown,POINT (-22.871471 7.297297)
7.297297,-21.963214,unkown,unkown,POINT (-21.963214 7.297297)
7.297297,-21.054957,unkown,unkown,POINT (-21.054957 7.297297)
7.297297,-20.146699,unkown,unkown,POINT (-20.146699 7.297297)
7.297297,-19.238442,unkown,unkown,POINT (-19.238442 7.297297)
8.198198,-28.906382,unkown,unkown,POINT (-28.906382 8.198198)
8.198198,-27.996179,unkown,unkown,POINT (-27.996179 8.198198)
8.198198,-27.085977,unkown,unkown,POINT (-27.085977 8.198198)
8.198198,-26.175774,unkown,unkown,POINT (-26.175774 8.198198)
8.198198,-25.265572,unkown,unkown,POINT (-25.265572 8.198198)
8.198198,-24.355369,unkown,unkown,POINT (-24.355369 8.198198)
8.198198,-23.445167,unkown,unkown,POINT (-23.445167 8.198198)
8.198198,-22.534964,unkown,unkown,POINT (-22.534964 8.198198)
8.198198,-21.624762,unkown,unkown,POINT (-21.624762 8.198198)
8.198198,-20.714559,unkown,unkown,POINT (-20.714559 8.198198)
8.198198,-19.804357,unkown,unkown,POINT (-19.804357 8.198198)
8.198198,-18.894154,unkown,unkown,POINT (-18.894154 8.198198)
8.198198,-17.983952,unkown,unkown,POINT (-17.983952 8.198198)
9.099099,-27.632198,unkown,unkown,POINT (-27.632198 9.099099)
9.099099,-26.719816,unkown,unkown,POINT (-26.719816 9.099099)
9.099099,-25.807434,unkown,unkown,POINT (-25.807434 9.099099)
9.099099,-24.895052,unkown,unkown,POINT (-24.895052 9.099099)
9.099099,-23.98267,unkown,unkown,POINT (-23.98267 9.099099)
9.099099,-23.070288,unkown,unkown,POINT (-23.070288 9.099099)
9.099099,-22.157906,unkown,unkown,POINT (-22.157906 9.099099)
9.099099,-21.245523,unkown,unkown,POINT (-21.245523 9.099099)
9.099099,-20.333141,unkown,unkown,POINT (-20.333141 9.099099)
9.099099,-19.420759,unkown,unkown,POINT (-19.420759 9.099099)
9.099099,-18.508377,unkown,unkown,POINT (-18.508377 9.099099)
9.099099,-17.595995,unkown,unkown,POINT (-17.595995 9.099099)
10.0,-27.228609,unkown,unkown,POINT (-27.228609 10)
10.0,-26.31381,unkown,unkown,POINT (-26.31381 10)
10.0,-25.399011,unkown,unkown,POINT (-25.399011 10)
10.0,-24.484213,unkown,unkown,POINT (-24.484213 10)
10.0,-23.569414,unkown,unkown,POINT (-23.569414 10)
10.0,-22.654615,unkown,unkown,POINT (-22.654615 10)
10.0,-21.739816,unkown,unkown,POINT (-21.739816 10)
10.0,-20.825018,unkown,unkown,POINT (-20.825018 10)
10.0,-19.910219,unkown,unkown,POINT (-19.910219 10)
10.0,-18.99542,unkown,unkown,POINT (-18.99542 10)
10.0,-18.080621,unkown,unkown,POINT (-18.080621 10)
10.0,-17.165823,unkown,unkown,POINT (-17.165823 10)
10.0,-16.251024,unkown,unkown,POINT (-16.251024 10)
10.900901,-25.867441,unkown,unkown,POINT (-25.867441 10.900901)
10.900901,-24.949985,unkown,unkown,POINT (-24.949985 10.900901)
10.900901,-24.032529,unkown,unkown,POINT (-24.032529 10.900901)
10.900901,-23.115073,unkown,unkown,POINT (-23.115073 10.900901)
10.900901,-22.197618,unkown,unkown,POINT (-22.197618 10.900901)
10.900901,-21.280162,unkown,unkown,POINT (-21.280162 10.900901)
10.900901,-20.362706,unkown,unkown,POINT (-20.362706 10.900901)
10.900901,-19.445251,unkown,unkown,POINT (-19.445251 10.900901)
10.900901,-18.527795,unkown,unkown,POINT (-18.527795 10.900901)
10.900901,-17.610339,unkown,unkown,POINT (-17.610339 10.900901)
10.900901,-16.692883,unkown,unkown,POINT (-16.692883 10.900901)
10.900901,-15.775428,unkown,unkown,POINT (-15.775428 10.900901)
11.801802,-25.380133,unkown,unkown,POINT (-25.380133 11.801802)
11.801802,-24.459776,unkown,unkown,POINT (-24.459776 11.801802)
11.801802,-23.53942,unkown,unkown,POINT (-23.53942 11.801802)
11.801802,-22.619064,unkown,unkown,POINT (-22.619064 11.801802)
11.801802,-21.698707,unkown,unkown,POINT (-21.698707 11.801802)
11.801802,-20.778351,unkown,unkown,POINT (-20.778351 11.801802)
11.801802,-19.857995,unkown,unkown,POINT (-19.857995 11.801802)
11.801802,-18.937638,unkown,unkown,POINT (-18.937638 11.801802)
11.801802,-18.017282,unkown,unkown,POINT (-18.017282 11.801802)
11.801802,-17.096926,unkown,unkown,POINT (-17.096926 11.801802)
11.801802,-16.176569,unkown,unkown,POINT (-16.176569 11.801802)
11.801802,-15.256213,unkown,unkown,POINT (-15.256213 11.801802)
11.801802,-14.335856,unkown,unkown,POINT (-14.335856 11.801802)
12.702703,-23.92775,unkown,unkown,POINT (-23.92775 12.702703)
12.702703,-23.004246,unkown,unkown,POINT (-23.004246 12.702703)
12.702703,-22.080741,unkown,unkown,POINT (-22.080741 12.702703)
12.702703,-21.157237,unkown,unkown,POINT (-21.157237 12.702703)
12.702703,-20.233733,unkown,unkown,POINT (-20.233733 12.702703)
12.702703,-19.310228,unkown,unkown,POINT (-19.310228 12.702703)
12.702703,-18.386724,unkown,unkown,POINT (-18.386724 12.702703)
12.702703,-17.463219,unkown,unkown,POINT (-17.463219 12.702703)
12.702703,-16.539715,unkown,unkown,POINT (-16.539715 12.702703)
12.702703,-15.61621,unkown,unkown,POINT (-15.61621 12.702703)
12.702703,-14.692706,unkown,unkown,POINT (-14.692706 12.702703)
12.702703,-13.769201,unkown,unkown,POINT (-13.769201 12.702703)
13.603604,-23.353212,unkown,unkown,POINT (-23.353212 13.603604)
13.603604,-22.426307,unkown,unkown,POINT (-22.426307 13.603604)
13.603604,-21.499403,unkown,unkown,POINT (-21.499403 13.603604)
13.603604,-20.572499,unkown,unkown,POINT (-20.572499 13.603604)
13.603604,-19.645595,unkown,unkown,POINT (-19.645595 13.603604)
13.603604,-18.718691,unkown,unkown,POINT (-18.718691 13.603604)
13.603604,-17.791787,unkown,unkown,POINT (-17.791787 13.603604)
13.603604,-16.864883,unkown,unkown,POINT (-16.864883 13.603604)
13.603604,-15.937979,unkown,unkown,POINT (-15.937979 13.603604)
13.603604,-15.011075,unkown,unkown,POINT (-15.011075 13.603604)
13.603604,-14.084171,unkown,unkown,POINT (-14.084171 13.603604)
13.603604,-13.157267,unkown,unkown,POINT (-13.157267 13.603604)
13.603604,-12.230363,unkown,unkown,POINT (-12.230363 13.603604)
14.504505,-21.804843,unkown,unkown,POINT (-21.804843 14.504505)
14.504505,-20.874284,unkown,unkown,POINT (-20.874284 14.504505)
14.504505,-19.943724,unkown,unkown,POINT (-19.943724 14.504505)
14.504505,-19.013164,unkown,unkown,POINT (-19.013164 14.504505)
14.504505,-18.082604,unkown,unkown,POINT (-18.082604 14.504505)
14.504505,-17.152045,unkown,unkown,POINT (-17.152045 14.504505)
14.504505,-16.221485,unkown,unkown,POINT (-16.221485 14.504505)
14.504505,-15.290925,unkown,unkown,POINT (-15.290925 14.504505)
14.504505,-14.360365,unkown,unkown,POINT (-14.360365 14.504505)
14.504505,-13.429806,unkown,unkown,POINT (-13.429806 14.504505)
14.504505,-12.499246,unkown,unkown,POINT (-12.499246 14.504505)
14.504505,-11.568686,unkown,unkown,POINT (-11.568686 14.504505)
15.405405,-21.139027,unkown,unkown,POINT (-21.139027 15.405405)
15.405405,-20.204551,unkown,unkown,POINT (-20.204551 15.405405)
15.405405,-19.270075,unkown,unkown,POINT (-19.270075 15.405405)
15.405405,-18.335598,unkown,unkown,POINT (-18.335598 15.405405)
15.405405,-17.401122,unkown,unkown,POINT (-17.401122 15.405405)
15.405405,-16.466646,unkown,unkown,POINT (-16.466646 15.405405)
15.405405,-15.532169,unkown,unkown,POINT (-15.532169 15.405405)
15.405405,-14.597693,unkown,unkown,POINT (-14.597693 15.405405)
15.405405,-13.663217,unkown,unkown,POINT (-13.663217 15.405405)
15.405405,-12.72874,unkown,unkown,POINT (-12.72874 15.405405)
15.405405,-11.794264,unkown,unkown,POINT (-11.794264 15.405405)
15.405405,-10.859788,unkown,unkown,POINT (-10.859788 15.405405)
15.405405,-9.925311,unkown,unkown,POINT (-9.925311 15.405405)
16.306306,-20.427965,unkown,unkown,POINT (-20.427965 16.306306)
16.306306,-19.489306,unkown,unkown,POINT (-19.489306 16.306306)
16.306306,-18.550647,unkown,unkown,POINT (-18.550647 16.306306)
16.306306,-17.611988,unkown,unkown,POINT (-17.611988 16.306306)
16.306306,-16.673329,unkown,unkown,POINT (-16.673329 16.306306)
16.306306,-15.73467,unkown,unkown,POINT (-15.73467 16.306306)
16.306306,-14.796011,unkown,unkown,POINT (-14.796011 16.306306)
16.306306,-13.857352,unkown,unkown,POINT (-13.857352 16.306306)
16.306306,-12.918693,unkown,unkown,POINT (-12.918693 16.306306)
16.306306,-11.980034,unkown,unkown,POINT (-11.980034 16.306306)
16.306306,-11.041375,unkown,unkown,POINT (-11.041375 16.306306)
16.306306,-10.102716,unkown,unkown,POINT (-10.102716 16.306306)
16.306306,-9.164057,unkown,unkown,POINT (-9.164057 16.306306)
17.207207,-18.727579,unkown,unkown,POINT (-18.727579 17.207207)
17.207207,-17.784466,unkown,unkown,POINT (-17.784466 17.207207)
17.207207,-16.841352,unkown,unkown,POINT (-16.841352 17.207207)
17.207207,-15.898238,unkown,unkown,POINT (-15.898238 17.207207)
17.207207,-14.955125,unkown,unkown,POINT (-14.955125 17.207207)
17.207207,-14.012011,unkown,unkown,POINT (-14.012011 17.207207)
17.207207,-13.068898,unkown,unkown,POINT (-13.068898 17.207207)
17.207207,-12.125784,unkown,unkown,POINT (-12.125784 17.207207)
17.207207,-11.18267,unkown,unkown,POINT (-11.18267 17.207207)
17.207207,-10.239557,unkown,unkown,POINT (-10.239557 17.207207)
17.207207,-9.296443,unkown,unkown,POINT (-9.296443 17.207207)
17.207207,-8.35333,unkown,unkown,POINT (-8.35333 17.207207)
18.108108,-17.918325,unkown,unkown,POINT (-17.918325 18.108108)
18.108108,-16.970479,unkown,unkown,POINT (-16.970479 18.108108)
18.108108,-16.022633,unkown,unkown,POINT (-16.022633 18.108108)
18.108108,-15.074787,unkown,unkown,POINT (-15.074787 18.108108)
18.108108,-14.126941,unkown,unkown,POINT (-14.126941 18.108108)
18.108108,-13.179095,unkown,unkown,POINT (-13.179095 18.108108)
18.108108,-12.231249,unkown,unkown,POINT (-12.231249 18.108108)
18.108108,-11.283403,unkown,unkown,POINT (-11.283403 18.108108)
18.108108,-10.335557,unkown,unkown,POINT (-10.335557 18.108108)
18.108108,-9.387711,unkown,unkown,POINT (-9.387711 18.108108)
18.108108,-8.439865,unkown,unkown,POINT (-8.439865 18.108108)
18.108108,-7.492019,unkown,unkown,POINT (-7.492019 18.108108)
19.009009,-17.060423,unkown,unkown,POINT (-17.060423 19.009009)
19.009009,-16.10756,unkown,unkown,POINT (-16.10756 19.009009)
19.009009,-15.154697,unkown,unkown,POINT (-15.154697 19.009009)
19.009009,-14.201834,unkown,unkown,POINT (-14.201834 19.009009)
19.009009,-13.248971,unkown,unkown,POINT (-13.248971 19.009009)
19.009009,-12.296108,unkown,unkown,POINT (-12.296108 19.009009)
19.009009,-11.343245,unkown,unkown,POINT (-11.343245 19.009009)
19.009009,-10.390382,unkown,unkown,POINT (-10.390382 19.009009)
19.009009,-9.437518,unkown,unkown,POINT (-9.437518 19.009009)
19.009009,-8.484655,unkown,unkown,POINT (-8.484655 19.009009)
19.009009,-7.531792,unkown,unkown,POINT (-7.531792 19.009009)
19.009009,-6.578929,unkown,unkown,POINT (-6.578929 19.009009)
19.90991,-16.152666,unkown,unkown,POINT (-16.152666 19.90991)
19.90991,-15.194495,unkown,unkown,POINT (-15.194495 19.90991)
19.90991,-14.236323,unkown,unkown,POINT (-14.236323 19.90991)
19.90991,-13.278152,unkown,unkown,POINT (-13.278152 19.90991)
19.90991,-12.31998,unkown,unkown,POINT (-12.31998 19.90991)
19.90991,-11.361809,unkown,unkown,POINT (-11.361809 19.90991)
19.90991,-10.403637,unkown,unkown,POINT (-10.403637 19.90991)
19.90991,-9.445466,unkown,unkown,POINT (-9.445466 19.90991)
19.90991,-8.487294,unkown,unkown,POINT (-8.487294 19.90991)
19.90991,-7.529123,unkown,unkown,POINT (-7.529123 19.90991)
19.90991,-6.570951,unkown,unkown,POINT (-6.570951 19.90991)
19.90991,-5.612779,unkown,unkown,POINT (-5.612779 19.90991)
20.810811,-15.193766,unkown,unkown,POINT (-15.193766 20.810811)
20.810811,-14.229987,unkown,unkown,POINT (-14.229987 20.810811)
20.810811,-13.266208,unkown,unkown,POINT (-13.266208 20.810811)
20.810811,-12.302428,unkown,unkown,POINT (-12.302428 20.810811)
20.810811,-11.338649,unkown,unkown,POINT (-11.338649 20.810811)
20.810811,-10.37487,unkown,unkown,POINT (-10.37487 20.810811)
20.810811,-9.411091,unkown,unkown,POINT (-9.411091 20.810811)
20.810811,-8.447312,unkown,unkown,POINT (-8.447312 20.810811)
20.810811,-7.483533,unkown,unkown,POINT (-7.483533 20.810811)
20.810811,-6.519754,unkown,unkown,POINT (-6.519754 20.810811)
20.810811,-5.555974,unkown,unkown,POINT (-5.555974 20.810811)
20.810811,-4.592195,unkown,unkown,POINT (-4.592195 20.810811)
21.711712,-14.182339,unkown,unkown,POINT (-14.182339 21.711712)
21.711712,-13.212645,unkown,unkown,POINT (-13.212645 21.711712)
21.711712,-12.242951,unkown,unkown,POINT (-12.242951 21.711712)
21.711712,-11.273257,unkown,unkown,POINT (-11.273257 21.711712)
21.711712,-10.303563,unkown,unkown,POINT (-10.303563 21.711712)
21.711712,-9.33387,unkown,unkown,POINT (-9.33387 21.711712)
21.711712,-8.364176,unkown,unkown,POINT (-8.364176 21.711712)
21.711712,-7.394482,unkown,unkown,POINT (-7.394482 21.711712)
21.711712,-6.424788,unkown,unkown,POINT (-6.424788 21.711712)
21.711712,-5.455094,unkown,unkown,POINT (-5.455094 21.711712)
21.711712,-4.4854,unkown,unkown,POINT (-4.4854 21.711712)
21.711712,-3.515706,unkown,unkown,POINT (-3.515706 21.711712)
22.612613,-13.116908,unkown,unkown,POINT (-13.116908 22.612613)
22.612613,-12.140984,unkown,unkown,POINT (-12.140984 22.612613)
22.612613,-11.165059,unkown,unkown,POINT (-11.165059 22.612613)
22.612613,-10.189135,unkown,unkown,POINT (-10.189135 22.612613)
22.612613,-9.21321,unkown,unkown,POINT (-9.21321 22.612613)
22.612613,-8.237286,unkown,unkown,POINT (-8.237286 22.612613)
22.612613,-7.261361,unkown,unkown,POINT (-7.261361 22.612613)
22.612613,-6.285437,unkown,unkown,POINT (-6.285437 22.612613)
22.612613,-5.309512,unkown,unkown,POINT (-5.309512 22.612613)
22.612613,-4.333588,unkown,unkown,POINT (-4.333588 22.612613)
22.612613,-3.357663,unkown,unkown,POINT (-3.357663 22.612613)
22.612613,-2.381739,unkown,unkown,POINT (-2.381739 22.612613)
23.513514,-11.995893,unkown,unkown,POINT (-11.995893 23.513514)
23.513514,-11.013413,unkown,unkown,POINT (-11.013413 23.513514)
23.513514,-10.030933,unkown,unkown,POINT (-10.030933 23.513514)
23.513514,-9.048453,unkown,unkown,POINT (-9.048453 23.513514)
23.513514,-8.065973,unkown,unkown,POINT (-8.065973 23.513514)
23.513514,-7.083492,unkown,unkown,POINT (-7.083492 23.513514)
23.513514,-6.101012,unkown,unkown,POINT (-6.101012 23.513514)
23.513514,-5.118532,unkown,unkown,POINT (-5.118532 23.513514)
23.513514,-4.136052,unkown,unkown,POINT (-4.136052 23.513514)
23.513514,-3.153572,unkown,unkown,POINT (-3.153572 23.513514)
23.513514,-2.171092,unkown,unkown,POINT (-2.171092 23.513514)
23.513514,-1.188612,unkown,unkown,POINT (-1.188612 23.513514)
24.414414,-10.817606,unkown,unkown,POINT (-10.817606 24.414414)
24.414414,-9.828235,unkown,unkown,POINT (-9.828235 24.414414)
24.414414,-8.838865,unkown,unkown,POINT (-8.838865 24.414414)
24.414414,-7.849494,unkown,unkown,POINT (-7.849494 24.414414)
24.414414,-6.860123,unkown,unkown,POINT (-6.860123 24.414414)
24.414414,-5.870753,unkown,unkown,POINT (-5.870753 24.414414)
24.414414,-4.881382,unkown,unkown,POINT (-4.881382 24.414414)
24.414414,-3.892011,unkown,unkown,POINT (-3.892011 24.414414)
24.414414,-2.90264,unkown,unkown,POINT (-2.90264 24.414414)
24.414414,-1.91327,unkown,unkown,POINT (-1.91327 24.414414)
24.414414,-0.923899,unkown,unkown,POINT (-0.923899 24.414414)
24.414414,0.065472,unkown,unkown,POINT (0.065472 24.414414)
25.315315,-10.576851,unkown,unkown,POINT (-10.576851 25.315315)
25.315315,-9.580244,unkown,unkown,POINT (-9.580244 25.315315)
25.315315,-8.583638,unkown,unkown,POINT (-8.583638 25.315315)
25.315315,-7.587031,unkown,unkown,POINT (-7.587031 25.315315)
25.315315,-6.590424,unkown,unkown,POINT (-6.590424 25.315315)
25.315315,-5.593817,unkown,unkown,POINT (-5.593817 25.315315)
25.315315,-4.59721,unkown,unkown,POINT (-4.59721 25.315315)
25.315315,-3.600604,unkown,unkown,POINT (-3.600604 25.315315)
25.315315,-2.603997,unkown,unkown,POINT (-2.603997 25.315315)
25.315315,-1.60739,unkown,unkown,POINT (-1.60739 25.315315)
25.315315,-0.610783,unkown,unkown,POINT (-0.610783 25.315315)
25.315315,0.385823,unkown,unkown,POINT (0.385823 25.315315)
26.216216,-9.286082,unkown,unkown,POINT (-9.286082 26.216216)
26.216216,-8.281883,unkown,unkown,POINT (-8.281883 26.216216)
26.216216,-7.277683,unkown,unkown,POINT (-7.277683 26.216216)
26.216216,-6.273484,unkown,unkown,POINT (-6.273484 26.216216)
26.216216,-5.269284,unkown,unkown,POINT (-5.269284 26.216216)
26.216216,-4.265085,unkown,unkown,POINT (-4.265085 26.216216)
26.216216,-3.260885,unkown,unkown,POINT (-3.260885 26.216216)
26.216216,-2.256686,unkown,unkown,POINT (-2.256686 26.216216)
26.216216,-1.252486,unkown,unkown,POINT (-1.252486 26.216216)
26.216216,-0.248287,unkown,unkown,POINT (-0.248287 26.216216)
26.216216,0.755913,unkown,unkown,POINT (0.755913 26.216216)
26.216216,1.760112,unkown,unkown,POINT (1.760112 26.216216)
27.117117,-7.932629,unkown,unkown,POINT (-7.932629 27.117117)
27.117117,-6.920468,unkown,unkown,POINT (-6.920468 27.117117)
27.117117,-5.908307,unkown,unkown,POINT (-5.908307 27.117117)
27.117117,-4.896146,unkown,unkown,POINT (-4.896146 27.117117)
27.117117,-3.883984,unkown,unkown,POINT (-3.883984 27.117117)
27.117117,-2.871823,unkown,unkown,POINT (-2.871823 27.117117)
27.117117,-1.859662,unkown,unkown,POINT (-1.859662 27.117117)
27.117117,-0.847501,unkown,unkown,POINT (-0.847501 27.117117)
27.117117,0.16466,unkown,unkown,POINT (0.16466 27.117117)
27.117117,1.176821,unkown,unkown,POINT (1.176821 27.117117)
27.117117,2.188982,unkown,unkown,POINT (2.188982 27.117117)
28.018018,-7.534813,unkown,unkown,POINT (-7.534813 28.018018)
28.018018,-6.514309,unkown,unkown,POINT (-6.514309 28.018018)
28.018018,-5.493805,unkown,unkown,POINT (-5.493805 28.018018)
28.018018,-4.473301,unkown,unkown,POINT (-4.473301 28.018018)
28.018018,-3.452796,unkown,unkown,POINT (-3.452796 28.018018)
28.018018,-2.432292,unkown,unkown,POINT (-2.432292 28.018018)
28.018018,-1.411788,unkown,unkown,POINT (-1.411788 28.018018)
28.018018,-0.391284,unkown,unkown,POINT (-0.391284 28.018018)
28.018018,0.62922,unkown,unkown,POINT (0.62922 28.018018)
28.018018,1.649724,unkown,unkown,POINT (1.649724 28.018018)
28.018018,2.670228,unkown,unkown,POINT (2.670228 28.018018)
28.018018,3.690732,unkown,unkown,POINT (3.690732 28.018018)
28.918919,-6.058037,unkown,unkown,POINT (-6.058037 28.918919)
28.918919,-5.028795,unkown,unkown,POINT (-5.028795 28.918919)
28.918919,-3.999553,unkown,unkown,POINT (-3.999553 28.918919)
28.918919,-2.97031,unkown,unkown,POINT (-2.97031 28.918919)
28.918919,-1.941068,unkown,unkown,POINT (-1.941068 28.918919)
28.918919,-0.911826,unkown,unkown,POINT (-0.911826 28.918919)
28.918919,0.117417,unkown,unkown,POINT (0.117417 28.918919)
28.918919,1.146659,unkown,unkown,POINT (1.146659 28.918919)
28.918919,2.175902,unkown,unkown,POINT (2.175902 28.918919)
28.918919,3.205144,unkown,unkown,POINT (3.205144 28.918919)
28.918919,4.234386,unkown,unkown,POINT (4.234386 28.918919)
29.81982,-5.550383,unkown,unkown,POINT (-5.550383 29.81982)
29.81982,-4.511993,unkown,unkown,POINT (-4.511993 29.81982)
29.81982,-3.473602,unkown,unkown,POINT (-3.473602 29.81982)
29.81982,-2.435212,unkown,unkown,POINT (-2.435212 29.81982)
29.81982,-1.396821,unkown,unkown,POINT (-1.396821 29.81982)
29.81982,-0.35843,unkown,unkown,POINT (-0.35843 29.81982)
29.81982,0.67996,unkown,unkown,POINT (0.67996 29.81982)
29.81982,1.718351,unkown,unkown,POINT (1.718351 29.81982)
29.81982,2.756741,unkown,unkown,POINT (2.756741 29.81982)
29.81982,3.795132,unkown,unkown,POINT (3.795132 29.81982)
29.81982,4.833522,unkown,unkown,POINT (4.833522 29.81982)
29.81982,5.871913,unkown,unkown,POINT (5.871913 29.81982)
30.720721,-3.942004,unkown,unkown,POINT (-3.942004 30.720721)
30.720721,-2.89404,unkown,unkown,POINT (-2.89404 30.720721)
30.720721,-1.846076,unkown,unkown,POINT (-1.846076 30.720721)
30.720721,-0.798111,unkown,unkown,POINT (-0.798111 30.720721)
30.720721,0.249853,unkown,unkown,POINT (0.249853 30.720721)
30.720721,1.297817,unkown,unkown,POINT (1.297817 30.720721)
30.720721,2.345782,unkown,unkown,POINT (2.345782 30.720721)
30.720721,3.393746,unkown,unkown,POINT (3.393746 30.720721)
30.720721,4.44171,unkown,unkown,POINT (4.44171 30.720721)
30.720721,5.489674,unkown,unkown,POINT (5.489674 30.720721)
30.720721,6.537639,unkown,unkown,POINT (6.537639 30.720721)
31.621622,-3.31732,unkown,unkown,POINT (-3.31732 31.621622)
31.621622,-2.25934,unkown,unkown,POINT (-2.25934 31.621622)
31.621622,-1.201359,unkown,unkown,POINT (-1.201359 31.621622)
31.621622,-0.143379,unkown,unkown,POINT (-0.143379 31.621622)
31.621622,0.914601,unkown,unkown,POINT (0.914601 31.621622)
31.621622,1.972581,unkown,unkown,POINT (1.972581 31.621622)
31.621622,3.030561,unkown,unkown,POINT (3.030561 31.621622)
31.621622,4.088541,unkown,unkown,POINT (4.088541 31.621622)
31.621622,5.146521,unkown,unkown,POINT (5.146521 31.621622)
31.621622,6.204501,unkown,unkown,POINT (6.204501 31.621622)
31.621622,7.262482,unkown,unkown,POINT (7.262482 31.621622)
32.522523,-2.636307,unkown,unkown,POINT (-2.636307 32.522523)
32.522523,-1.567851,unkown,unkown,POINT (-1.567851 32.522523)
32.522523,-0.499395,unkown,unkown,POINT (-0.499395 32.522523)
32.522523,0.569061,unkown,unkown,POINT (0.569061 32.522523)
32.522523,1.637517,unkown,unkown,POINT (1.637517 32.522523)
32.522523,2.705973,unkown,unkown,POINT (2.705973 32.522523)
32.522523,3.774429,unkown,unkown,POINT (3.774429 32.522523)
32.522523,4.842885,unkown,unkown,POINT (4.842885 32.522523)
32.522523,5.911341,unkown,unkown,POINT (5.911341 32.522523)
32.522523,6.979797,unkown,unkown,POINT (6.979797 32.522523)
32.522523,8.048253,unkown,unkown,POINT (8.048253 32.522523)
33.423423,-1.8972,unkown,unkown,POINT (-1.8972 33.423423)
33.423423,-0.817789,unkown,unkown,POINT (-0.817789 33.423423)
33.423423,0.261622,unkown,unkown,POINT (0.261622 33.423423)
33.423423,1.341033,unkown,unkown,POINT (1.341033 33.423423)
33.423423,2.420444,unkown,unkown,POINT (2.420444 33.423423)
33.423423,3.499855,unkown,unkown,POINT (3.499855 33.423423)
33.423423,4.579266,unkown,unkown,POINT (4.579266 33.423423)
33.423423,5.658677,unkown,unkown,POINT (5.658677 33.423423)
33.423423,6.738088,unkown,unkown,POINT (6.738088 33.423423)
33.423423,7.817498,unkown,unkown,POINT (7.817498 33.423423)
33.423423,8.896909,unkown,unkown,POINT (8.896909 33.423423)
33.423423,9.97632,unkown,unkown,POINT (9.97632 33.423423)
34.324324,-0.007226,unkown,unkown,POINT (-0.007226 34.324324)
34.324324,1.083639,unkown,unkown,POINT (1.083639 34.324324)
34.324324,2.174504,unkown,unkown,POINT (2.174504 34.324324)
34.324324,3.26537,unkown,unkown,POINT (3.26537 34.324324)
34.324324,4.356235,unkown,unkown,POINT (4.356235 34.324324)
34.324324,5.4471,unkown,unkown,POINT (5.4471 34.324324)
34.324324,6.537965,unkown,unkown,POINT (6.537965 34.324324)
34.324324,7.628831,unkown,unkown,POINT (7.628831 34.324324)
34.324324,8.719696,unkown,unkown,POINT (8.719696 34.324324)
34.324324,9.810561,unkown,unkown,POINT (9.810561 34.324324)
34.324324,10.901427,unkown,unkown,POINT (10.901427 34.324324)
35.225225,0.865918,unkown,unkown,POINT (0.865918 35.225225)
35.225225,1.968759,unkown,unkown,POINT (1.968759 35.225225)
35.225225,3.0716,unkown,unkown,POINT (3.0716 35.225225)
35.225225,4.174441,unkown,unkown,POINT (4.174441 35.225225)
35.225225,5.277282,unkown,unkown,POINT (5.277282 35.225225)
35.225225,6.380123,unkown,unkown,POINT (6.380123 35.225225)
35.225225,7.482964,unkown,unkown,POINT (7.482964 35.225225)
35.225225,8.585805,unkown,unkown,POINT (8.585805 35.225225)
35.225225,9.688646,unkown,unkown,POINT (9.688646 35.225225)
35.225225,10.791487,unkown,unkown,POINT (10.791487 35.225225)
35.225225,11.894328,unkown,unkown,POINT (11.894328 35.225225)
36.126126,1.803893,unkown,unkown,POINT (1.803893 36.126126)
36.126126,2.919255,unkown,unkown,POINT (2.919255 36.126126)
36.126126,4.034616,unkown,unkown,POINT (4.034616 36.126126)
36.126126,5.149977,unkown,unkown,POINT (5.149977 36.126126)
36.126126,6.265338,unkown,unkown,POINT (6.265338 36.126126)
36.126126,7.3807,unkown,unkown,POINT (7.3807 36.126126)
36.126126,8.496061,unkown,unkown,POINT (8.496061 36.126126)
36.126126,9.611422,unkown,unkown,POINT (9.611422 36.126126)
36.126126,10.726784,unkown,unkown,POINT (10.726784 36.126126)
36.126126,11.842145,unkown,unkown,POINT (11.842145 36.126126)
37.027027,2.809125,unkown,unkown,POINT (2.809125 37.027027)
37.027027,3.937576,unkown,unkown,POINT (3.937576 37.027027)
37.027027,5.066027,unkown,unkown,POINT (5.066027 37.027027)
37.027027,6.194479,unkown,unkown,POINT (6.194479 37.027027)
37.027027,7.32293,unkown,unkown,POINT (7.32293 37.027027)
37.027027,8.451382,unkown,unkown,POINT (8.451382 37.027027)
37.027027,9.579833,unkown,unkown,POINT (9.579833 37.027027)
37.027027,10.708284,unkown,unkown,POINT (10.708284 37.027027)
37.027027,11.836736,unkown,unkown,POINT (11.836736 37.027027)
37.927928,3.884233,unkown,unkown,POINT (3.884233 37.927928)
37.927928,5.026371,unkown,unkown,POINT (5.026371 37.927928)
37.927928,6.168509,unkown,unkown,POINT (6.168509 37.927928)
37.927928,7.310647,unkown,unkown,POINT (7.310647 37.927928)
37.927928,8.452785,unkown,unkown,POINT (8.452785 37.927928)
37.927928,9.594923,unkown,unkown,POINT (9.594923 37.927928)
37.927928,10.737061,unkown,unkown,POINT (10.737061 37.927928)
37.927928,11.879199,unkown,unkown,POINT (11.879199 37.927928)
38.828829,5.032048,unkown,unkown,POINT (5.032048 38.828829)
38.828829,6.188498,unkown,unkown,POINT (6.188498 38.828829)
38.828829,7.344948,unkown,unkown,POINT (7.344948 38.828829)
38.828829,8.501399,unkown,unkown,POINT (8.501399 38.828829)
38.828829,9.657849,unkown,unkown,POINT (9.657849 38.828829)
38.828829,10.814299,unkown,unkown,POINT (10.814299 38.828829)
38.828829,11.970749,unkown,unkown,POINT (11.970749 38.828829)
39.72973,5.084207,unkown,unkown,POINT (5.084207 39.72973)
39.72973,6.255626,unkown,unkown,POINT (6.255626 39.72973)
39.72973,7.427045,unkown,unkown,POINT (7.427045 39.72973)
39.72973,8.598464,unkown,unkown,POINT (8.598464 39.72973)
39.72973,9.769883,unkown,unkown,POINT (9.769883 39.72973)
39.72973,10.941302,unkown,unkown,POINT (10.941302 39.72973)
40.630631,7.558274,unkown,unkown,POINT (7.558274 40.630631)
40.630631,8.745351,unkown,unkown,POINT (8.745351 40.630631)
