cluster,longitude,latitude,weather_risk,bird_risk,temperature_2m,precipitation,wind_speed,humidity,bird_obs_count
0,7.81185699999999,36.82139200000001,2.4061292468873465,0.0,26.6,0.0,23.909232000000003,88,0
1,-46.93333399999998,-12.916666999999986,3.4,3.2967995396436067,19.2,0.0,34.405968,69,40
2,-9.635556000000006,16.709166999999997,2.0299815523444447,0.0,35.8,0.0,22.35416,17,0
3,8.520619166589865,40.630659395486326,3.6366666666666667,5.551419337770589,22.6,0.0,32.656512,91,81
4,-14.30542168717018,19.8202464328234,3.5128471940673074,0.0,36.0,0.0,31.684592000000002,24,0
5,3.2116699999999914,36.700579999999995,2.233210260101428,0.0,27.8,0.0,28.18568,84,0
6,-48.83720397893504,-16.22976525552607,3.09,3.4295318018494325,14.4,0.0,45.097088,79,42
7,-45.93998101431712,-9.026123906690097,2.869633857135082,0.0,22.6,0.0,36.349807999999996,76,0
8,-13.046389,20.499443,3.252666666666667,0.0,35.8,0.0,33.822815999999996,23,0
9,-0.3372905734402987,27.950676559476204,1.127068725884737,0.0,33.2,0.0,6.9978240000000005,25,0
10,-14.200000000000005,16.633332999999997,1.596335394550788,0.0,31.5,0.0,11.66304,70,0
11,5.0746309732254264,36.88851220652645,2.2971507880352378,0.0,24.5,0.0,22.937312000000002,78,0
12,-16.758490789738836,13.473849966468793,2.688211302373232,5.083558025390349,29.0,0.0,17.300176,80,71
13,6.183332999999996,35.566666,1.906085145645914,4.2305018961951335,21.6,0.0,13.995648000000001,71,55
14,-15.849999999999994,11.299999999999999,1.9830256502535701,0.0,29.1,0.0,8.74728,93,0
15,-43.133330000000015,-11.083332999999996,2.0895671924677997,0.0,21.6,0.0,9.913584,75,0
16,-45.00833,-12.073056000000001,3.4,0.0,18.7,0.0,31.295824000000003,67,0
17,-47.84574453875952,-15.997934929429693,3.6266666666666665,9.092820467105875,13.6,0.0,47.818464000000006,86,240
18,5.738055999999997,34.79332999999999,1.8864020592180701,0.0,27.5,0.0,50.151072,49,0
19,-46.04999999999999,-7.516666999999994,1.9731671844702612,0.0,25.0,0.0,29.740752,74,0
20,4.162214318619553,35.19594767745255,2.8,0.0,23.0,0.0,47.62408,48,0
21,-12.483543502457685,14.673089464826488,2.2535128351237086,0.0,30.2,0.0,21.576624,84,0
22,9.013687232102344,39.30216740006624,2.5598123133213444,5.852170883184186,25.5,0.0,28.768832000000003,91,88
23,-2.2595313315720107,31.634700007593466,1.5306400141289846,0.0,28.4,0.0,14.773183999999999,36,0
24,1.331666999999998,36.212223,1.7631333393314874,0.0,24.9,0.0,44.125168,72,0
25,-12.366667000000001,20.449999999999992,3.4659999999999997,0.0,34.3,0.0,35.766656,23,0
26,-40.833332,-2.9166669999999946,3.5066666666666664,0.0,26.4,0.0,48.012848,80,0
27,-35.772234831683626,-7.191894051522952,3.543333333333333,6.604044743550609,21.9,0.0,29.1576,89,108
28,-16.749999999999996,12.399999999999999,1.7329538575349588,0.0,29.4,0.0,14.5788,88,0
29,6.441711348421779,36.20641727315861,1.9665005178035944,0.5823546641575128,21.0,0.0,26.436224,82,6
30,-17.490194000000002,14.744974999999998,3.0375671858031845,5.639507136784644,29.3,0.0,17.105792,82,83
31,-46.74264990086427,-11.619136517929343,3.4,1.64729788588728,21.3,0.0,32.462128,65,18
32,1.0941049999999966,33.717804,2.4795446290419507,0.0,17.7,0.0,42.570096,70,0
33,2.8647220000000106,30.5675,1.709800005998154,0.0,29.7,0.0,26.824992,46,0
34,6.760693365555056,33.47004840149227,1.6164789799880108,0.0,26.0,0.0,28.380064,57,0
35,-44.0,-14.999999999999993,3.433333333333333,4.4567271526549295,15.7,0.0,29.351983999999998,72,59
36,-10.566666999999994,15.133332999999999,2.0064810378731583,0.0,30.9,0.0,21.38224,76,0
37,-32.416668,-3.8499999999999983,3.4006666666666665,1.1307956328284252,25.5,0.2,40.237488,79,12
38,-12.407617281020906,22.67377776502496,2.8330389831870266,0.0,30.5,0.0,23.909232000000003,27,0
39,-42.97043744367685,-6.958530403423642,3.0733333333333333,0.0,25.9,0.0,35.572272,64,0
40,8.595176080037977,39.816394676377485,1.623244105240202,4.113950303216448,23.8,0.0,26.24184,72,53
41,-38.54083599999999,-3.7790729999999964,3.42,6.957787359332959,27.2,0.0,33.822815999999996,82,119
42,10.033332999999992,33.88333,2.2916912979745865,0.09950166250831893,26.8,0.0,16.133872,48,1
43,8.768151806326035,34.37050798242953,1.7495846278423195,0.0,27.1,0.0,13.995648000000001,63,0
44,-7.749573715794047,27.0586261373587,2.540346689592944,0.0,28.8,0.0,18.855248,27,0
45,-43.58167000000001,-6.781943999999995,2.802967190468415,0.0,25.3,0.0,31.295824000000003,72,0
46,3.7874868288792936,32.45237034045001,1.7197784681825705,0.0,27.5,0.0,32.656512,51,0
47,6.038673302613968,36.91361835531289,2.6838338644661586,0.0,26.1,0.0,15.356336,84,0
48,-49.305618231540066,-11.644133206407322,3.3666666666666663,0.0,24.0,0.0,33.822815999999996,67,0
49,6.174973283678209,31.648463007769188,0.979477957710053,0.0,30.1,0.0,13.60688,37,0
50,3.3497000225421574,33.295143731970064,2.2196246266426884,0.0,23.6,0.0,37.321728,48,0
51,2.352731715098438,27.183646052819636,1.48545129184314,0.0,33.9,0.0,16.52264,25,0
52,-41.866670000000006,-11.29999999999999,3.4233333333333333,0.0,18.8,0.0,39.84872,75,0
53,-40.516666,-11.183332999999994,3.583333333333333,0.0,18.2,0.0,33.628432000000004,81,0
54,-39.29636829097092,-7.158559889959117,3.27,4.620555624053255,24.0,0.0,33.239664000000005,77,62
55,-44.50168943387981,-15.349652198091823,3.4,0.0,17.5,0.0,26.824992,70,0
56,-34.948159999999994,-7.1453570000000015,2.609723085228213,7.018027205701126,25.5,0.0,26.047456,87,121
57,-14.8296425620742,12.793046915253875,1.9252266765302974,0.0,29.5,0.0,14.967568,95,0
58,-13.507777999999997,16.161388,0.9669600045319385,0.0,30.8,0.0,6.025904000000001,68,0
59,-11.405277999999994,16.588888,2.0290389898516423,0.0,34.7,0.0,16.717024,47,0
60,-16.5,14.083333,2.0524010402724198,4.172517476260103,30.2,0.0,14.384416000000002,85,54
61,-11.504056137805113,14.4682306754536,2.390797964774545,0.0,31.4,0.0,24.492383999999998,77,0
62,-43.4125,-13.256944000000008,3.32,0.0,21.0,0.0,28.380064,63,0
63,-41.42643831836482,-12.50125646840392,3.4899999999999998,8.244795993830031,18.6,0.0,29.351983999999998,77,174
64,-13.981002687561695,17.18693911269787,2.1672523234515597,0.0,34.0,0.0,22.937312000000002,62,0
65,2.983332999999982,33.833332,1.8997230852282132,0.0,24.0,0.0,41.986944,53,0
66,-13.323611000000005,15.593055999999997,2.007809243155162,0.0,30.8,0.0,17.300176,73,0
67,-12.583332999999993,16.033333000000002,1.544796932499664,0.0,31.2,0.0,14.773183999999999,67,0
68,10.75315499999998,35.76107999999999,1.7152841107051868,0.0,25.7,0.0,8.552896,84,0
69,-12.499999999999998,17.75,1.2663671884690304,0.0,34.0,0.0,19.827168,36,0
70,-48.35619628012771,-13.478349457009491,3.4,0.0,21.0,0.0,29.1576,69,0
71,0.15000000000001293,35.333332000000006,2.3163005238017482,0.0,23.9,0.0,47.040928,67,0
72,-37.146457360609716,-5.240966383657101,2.82,0.0,26.3,0.0,34.98912,63,0
73,-0.283055999999999,33.521942,2.549523091226367,0.0,19.3,0.0,32.07336,63,0
74,-35.25024400000001,-5.916787000000003,2.9929118075140577,4.2305018961951335,26.1,0.0,31.490208,83,55
75,10.582656574276879,36.10104592183043,2.1405600165282466,0.0,24.2,0.0,0.777536,71,0
76,-12.716667000000003,13.066666999999997,2.8049333519942565,0.0,29.1,0.0,17.300176,91,0
77,-15.98733612088631,18.10313047036942,2.9433333333333334,2.6655304377571074,26.8,0.0,34.405968,77,31
78,-48.94013515576828,-14.16213886800481,3.4,0.0,21.4,0.0,32.850896,68,0
79,5.3999999999999915,31.91666799999999,1.0974400101302155,0.0,29.2,0.0,21.187856,38,0
80,-14.666667000000002,17.75,2.1264666726648205,0.0,34.5,0.0,27.21376,29,0
81,-15.657222,11.888889000000002,2.0496759071559825,0.0,29.6,0.0,11.079888,95,0
82,-38.22222,-9.397778000000002,3.6333333333333333,0.0,20.9,0.0,30.12952,84,0
83,-41.46666700000001,-7.083333,3.213333333333333,0.0,25.6,0.0,33.239664000000005,67,0
84,-48.35278000000001,-10.241667,3.042945652652832,9.065192737219416,24.5,0.0,26.047456,81,237
85,-48.41666799999999,-10.699999999999985,1.9451620630835473,4.620555624053255,23.8,0.0,20.215936,74,62
86,11.901450578460672,36.92031214895301,3.4499999999999997,4.40101633434598,23.6,0.0,41.598175999999995,83,58
87,-40.49055499999999,-9.39333299999999,3.4833333333333334,0.29554466451491845,20.4,0.0,33.822815999999996,75,3
88,-14.966666999999992,16.666668000000005,2.1550318105797808,4.4567271526549295,32.5,0.0,17.300176,63,59
89,5.240515344434069,36.15378543189885,1.5473507820370844,0.0,21.6,0.0,21.187856,76,0
90,-15.69595944066139,16.3717680528371,2.575346686260636,0.0,31.8,0.0,19.827168,73,0
91,-13.300000000000004,12.483333,3.1559405345984257,0.0,28.8,0.0,17.49456,91,0
92,-40.183334,-10.449999999999994,4.05140350877193,0.0,16.8,0.0,32.656512,89,0
93,-12.206111000000002,15.182221999999992,1.799589755893649,0.0,30.0,0.0,18.077712000000002,78,0
94,10.683333000000003,34.71666700000001,1.371945649320524,0.0,27.2,0.0,7.9697439999999995,82,0
95,-13.166667000000013,13.166666999999997,2.6494256582511087,0.0,29.0,0.0,16.911407999999998,93,0
96,-35.96311096665896,-6.216438864837984,3.533333333333333,0.0,23.6,0.0,36.544192,86,0
97,-50.2740521994962,-13.370053333612319,3.1464369299671104,0.0,23.8,0.0,18.660864,66,0
98,8.663937999863228,37.00279199797619,3.1762789859861655,0.0,26.4,0.0,33.628432000000004,89,0
99,8.14999999999999,35.466666999999994,2.506223603031808,0.0,22.0,0.0,25.658687999999998,67,0
100,6.084721999999998,33.058334,1.4106769360985565,0.0,27.6,0.0,21.771008,48,0
101,-42.821087000000006,-5.063349999999995,2.7771077124040713,4.511883639059736,25.6,0.0,19.4384,65,60
102,-9.443836931547496,18.27905281869419,1.7136143705400302,0.0,35.2,0.0,23.32608,19,0
103,-10.999680282027862,17.220339651090644,1.7953292442215008,0.0,35.4,0.0,21.187856,27,0
104,1.350000000000005,35.466667,3.4,0.0,20.2,0.0,54.233135999999995,64,0
105,-8.166666999999997,27.716666999999998,2.060478993317242,0.0,28.0,0.0,17.105792,33,0
106,-11.416667,18.566668000000004,2.216368214079296,0.0,34.0,0.0,46.65216,28,0
107,0.20021370964318466,29.076168183613483,1.693540526600887,0.0,32.7,0.0,9.330432,27,0
108,8.133333000000002,33.916668,2.0704738652659125,0.0,27.4,0.0,14.773183999999999,58,0
109,12.49586499999999,37.90138600000001,4.720203307796749,4.674081989931028,22.2,0.0,35.377888,96,63
110,9.726620626164635,39.82319475190368,2.3860154041478343,0.7688365361336424,23.5,0.0,13.412496,83,8
111,-13.658333,13.736111000000001,3.0837333546601027,0.0,29.8,0.0,23.520464,92,0
112,10.217089999999995,36.847622,2.381684118702725,4.511883639059736,25.8,0.0,20.215936,72,60
113,-37.3218093293674,-7.12520606917411,3.0533333333333332,0.0,25.4,0.0,25.26992,60,0
114,-16.56674546855034,16.17831119853462,3.51,2.2894841419643375,27.9,0.0,31.878975999999998,85,26
115,-16.407738691579098,12.62943588137702,1.7041035999660845,0.19801326693244747,29.9,0.0,12.440576,93,2
116,-17.112704452139194,14.587256447529546,2.6793271996655843,6.637835062932666,29.4,0.0,16.911407999999998,88,109
117,-40.286520367232136,-2.7596568111064874,3.583333333333333,0.0,27.5,0.0,40.431872,81,0
118,-46.832267999999985,-16.126125999999992,3.4252707777717304,0.0,16.0,0.0,23.131696,76,0
119,-45.894467,-16.126126000000006,3.093670792433884,0.0,18.9,0.0,20.604703999999998,69,0
120,-44.95666700000002,-16.126125999999996,2.395003093492336,0.0,18.5,0.0,14.384416000000002,68,0
121,-50.219609,-15.225225000000004,3.1163866750640823,0.0,23.1,0.0,22.742928,59,0
122,-49.28593699999998,-15.225225,3.273333333333333,0.0,19.2,0.0,33.04528,72,0
123,-48.352265,-15.225225000000004,3.423333333333333,0.0,19.0,0.0,39.265568,73,0
124,-47.418593,-15.225224999999993,3.186451288510832,0.39210560847676823,17.5,0.0,17.49456,78,4
125,-46.484921000000014,-15.225225000000004,3.55,0.0,15.1,0.0,30.518288,79,0
126,-45.551249000000006,-15.225225,3.433333333333333,0.0,15.9,0.0,35.183504000000006,72,0
127,-49.826893999999996,-14.324324000000008,3.0730892380900543,0.0,22.0,0.0,19.827168,66,0
128,-47.96727800000001,-14.324323999999999,3.4,7.700745148132762,18.5,0.0,37.516112,70,147
129,-47.03747,-14.324324,2.4272512978412943,0.0,20.0,0.0,13.023728,77,0
130,-46.107662000000005,-14.324324000000004,3.4499999999999997,0.0,17.2,0.0,25.853072,73,0
131,-45.177854,-14.324324000000011,3.433333333333333,0.0,18.0,0.0,27.602528,72,0
132,-44.24804700000001,-14.324324000000015,3.4,0.0,19.5,0.0,25.464304,69,0
133,-43.31823899999999,-14.324324000000004,3.4,0.0,20.0,0.0,28.768832000000003,63,0
134,-49.40526200000001,-13.42342299999999,3.395249239956147,0.0,24.0,0.0,24.881152,62,0
135,-47.552855,-13.423423000000005,3.4499999999999997,0.0,16.1,0.0,32.850896,73,0
136,-46.626651,-13.42342299999999,3.3280646401052123,4.566491309255002,20.5,0.0,23.714848,73,61
137,-45.700447,-13.423422999999985,3.466666666666667,0.0,17.1,0.0,35.377888,74,0
138,-44.774243,-13.42342299999999,3.4,0.0,17.7,0.0,32.07336,70,0
139,-43.84804,-13.42342299999999,3.4,0.0,19.9,0.0,28.963216,65,0
140,-42.921836,-13.42342299999999,3.393333333333333,0.0,19.4,0.0,43.7364,62,0
141,-41.99563199999999,-13.423422999999998,4.308947368421052,0.0,16.4,0.0,50.734224000000005,73,0
142,-50.800323999999996,-12.522523000000003,2.883808224209512,0.0,23.9,0.0,21.187856,83,0
143,-49.877469,-12.522523000000001,3.4,0.0,23.5,0.0,25.26992,67,0
144,-48.954614,-12.522522999999996,3.2266666666666666,0.0,23.4,0.0,32.850896,69,0
145,-48.03175900000001,-12.522523000000001,3.2666666666666666,0.0,22.1,0.0,39.84872,66,0
146,-47.10890399999999,-12.522522999999984,3.36,0.19801326693244747,22.6,0.0,28.574448,63,2
147,-46.186049000000004,-12.522523000000001,3.4,0.0,18.5,0.0,61.814112,70,0
148,-45.263194999999996,-12.522522999999994,3.4,0.0,18.5,0.0,37.321728,69,0
149,-44.34034,-12.522523000000009,3.466666666666667,0.0,18.0,0.0,31.10144,74,0
150,-43.417485,-12.522522999999989,3.2730461624588876,0.0,20.1,0.0,23.32608,69,0
151,-42.49463,-12.522522999999989,3.2666666666666666,0.0,20.0,0.0,25.075536,65,0
152,-50.31432599999999,-11.621622000000006,2.861562071081086,0.0,24.1,0.0,24.881152,77,0
153,-48.47481299999998,-11.621622000000002,3.2666666666666666,0.0,23.6,0.0,29.546367999999998,70,0
154,-47.555055999999986,-11.621621999999995,3.333333333333333,1.730408660566377,22.2,0.0,29.740752,67,19
155,-45.715543000000004,-11.621621999999995,3.3899999999999997,0.0,17.9,0.0,44.319552,71,0
156,-44.795786000000014,-11.621622000000004,3.3330461624588876,0.0,21.9,0.0,23.32608,64,0
157,-43.87602999999999,-11.621622,3.4,0.0,22.6,0.0,27.796912000000003,63,0
158,-42.956272999999996,-11.621621999999995,3.1153353912184807,0.0,22.5,0.0,17.883328,65,0
159,-42.036517,-11.621621999999995,3.51,0.0,18.7,0.0,38.099264000000005,77,0
160,-41.11676000000001,-11.621622000000004,3.673333333333333,0.0,15.8,0.0,57.53766400000001,88,0
161,-40.19700399999998,-11.62162199999999,3.533333333333333,0.0,19.5,0.0,28.574448,78,0
162,-49.799499,-10.720721,3.2128471940673076,0.0,24.7,0.0,28.380064,72,0
163,-48.882594,-10.720720999999985,2.7996461644582724,0.0,23.1,0.0,26.630608,73,0
164,-47.96568899999999,-10.72072099999999,3.4,0.0,21.2,0.0,30.712672,63,0
165,-47.048784,-10.720720999999998,2.929590781503915,0.0,22.5,0.0,29.1576,69,0
166,-46.131878999999984,-10.720720999999996,3.4899999999999998,0.0,20.4,0.0,54.038752,77,0
167,-45.214974,-10.720720999999998,3.48,0.0,20.0,0.0,31.684592000000002,76,0
168,-44.29806899999999,-10.720721000000001,3.4066666666666667,0.0,20.7,0.0,26.824992,74,0
169,-43.381164000000005,-10.720720999999992,3.235277957043591,0.0,19.6,0.0,22.548544,72,0
170,-42.46425899999999,-10.720720999999992,3.4,0.0,20.7,0.0,35.377888,69,0
171,-41.547354000000006,-10.720720999999996,3.3999999999999995,0.0,21.3,0.0,37.710496,72,0
172,-40.63044900000001,-10.720721000000006,3.583333333333333,0.0,18.9,0.0,36.738575999999995,81,0
173,-39.713543999999985,-10.720720999999996,3.507488213812712,0.0,19.7,0.0,23.520464,80,0
174,-48.341333999999996,-9.81981999999999,2.1798676962757018,0.0,24.6,0.0,26.24184,79,0
175,-47.427038,-9.819820000000005,2.902957959976022,0.0,24.2,0.0,28.18568,75,0
176,-46.512741,-9.819820000000005,3.42,0.0,22.6,0.0,50.345456,72,0
177,-45.598445,-9.819819999999998,3.3899999999999997,0.0,22.5,0.0,39.84872,73,0
178,-44.68414899999999,-9.819819999999995,3.28,0.0,21.9,0.0,35.377888,67,0
179,-43.76985199999997,-9.819819999999995,3.2266666666666666,0.0,22.1,0.0,40.431872,66,0
180,-42.855556,-9.819820000000009,3.38,0.0,21.2,0.0,34.794736,72,0
181,-41.941260000000014,-9.819819999999993,3.1297630840285824,0.0,22.7,0.0,19.244016000000002,70,0
182,-41.026963999999985,-9.819819999999998,3.5,0.9516258196404048,20.5,0.0,50.53984,76,10
183,-40.112666999999995,-9.819819999999998,3.6166666666666667,0.0,19.6,0.0,41.986944,83,0
184,-39.198371,-9.819819999999993,3.6166666666666667,5.276334472589853,21.0,0.0,34.600352,83,75
185,-38.284075,-9.819819999999998,3.639299494859175,0.0,19.1,0.2,20.799087999999998,93,0
186,-47.770547000000015,-8.918919000000004,2.0974041137709096,0.0,24.5,0.0,22.35416,87,0
187,-46.85861999999998,-8.918919,3.376112837123093,0.0,22.4,0.0,46.65216,77,0
188,-45.034765,-8.918918999999995,3.3533333333333335,0.0,21.0,0.0,39.265568,74,0
189,-44.122838,-8.918919000000004,2.9892072032644768,0.0,23.3,0.0,22.159776,69,0
190,-43.210910999999996,-8.918918999999999,3.3099999999999996,0.0,20.9,0.0,33.239664000000005,71,0
191,-42.298983,-8.918919000000004,3.36,0.0,22.9,0.0,28.574448,66,0
192,-41.387055999999994,-8.918919000000006,3.3066666666666666,0.0,21.0,0.0,38.682415999999996,74,0
193,-40.47512900000002,-8.918918999999999,3.4833333333333334,1.8126924692201818,21.1,0.0,27.21376,75,20
194,-39.563202000000004,-8.918919000000006,3.4533333333333336,0.0,22.1,0.0,31.295824000000003,74,0
195,-38.651274,-8.918918999999995,3.3866666666666667,0.0,22.5,0.0,29.1576,76,0
196,-37.73934700000001,-8.918918999999994,3.5819302651665357,0.0,23.5,0.0,23.714848,86,0
197,-47.16995599999998,-8.018017999999993,2.1162666786629747,0.0,24.1,0.0,24.492383999999998,83,0
198,-46.260161000000004,-8.018017999999998,2.56638975189488,0.0,24.0,0.0,35.766656,74,0
199,-45.35036599999999,-8.018017999999994,2.639655394950665,0.0,23.4,0.0,38.488032000000004,69,0
200,-44.440571000000006,-8.018017999999996,3.1999999999999997,0.0,22.4,0.0,36.544192,70,0
201,-43.530776,-8.018018000000001,3.1133333333333333,0.0,24.0,0.0,35.377888,63,0
202,-42.620981999999984,-8.01801799999999,3.1133333333333333,0.0,25.0,0.0,32.656512,64,0
203,-41.711187,-8.018017999999993,3.0799999999999996,0.0,25.0,0.0,38.099264000000005,68,0
204,-40.80139199999999,-8.018018000000001,3.3499999999999996,0.0,24.2,0.0,41.598175999999995,71,0
205,-39.891597000000004,-8.018018000000001,3.4499999999999997,0.0,22.5,0.0,27.21376,73,0
206,-38.981802,-8.018018000000001,3.464140521935656,0.9516258196404048,24.0,0.0,24.686767999999997,75,10
207,-38.07200699999999,-8.018017999999993,3.42,1.8941575402981292,23.0,0.0,28.768832000000003,82,21
208,-37.162213,-8.018017999999998,3.2569395123204674,3.9346934028736658,21.6,0.0,24.103616000000002,78,50
209,-36.252418,-8.018017999999998,3.1647456653156008,5.768379176822512,22.7,0.0,22.548544,80,86
210,-45.631352000000014,-7.117117000000001,2.3430687258847365,0.0,24.0,0.0,36.349807999999996,73,0
211,-44.72345599999999,-7.117116999999997,2.4197446230437967,0.0,24.9,0.0,36.349807999999996,73,0
212,-43.81555899999999,-7.117116999999996,3.226125144446284,0.0,25.0,0.0,35.183504000000006,67,0
213,-41.999767000000006,-7.117117000000003,3.0666666666666664,0.0,25.4,0.0,33.628432000000004,65,0
214,-41.09187099999999,-7.117117000000006,3.0599999999999996,0.0,24.5,0.0,37.127344,70,0
215,-40.183974000000006,-7.1171169999999995,3.2899999999999996,7.654297119062024,22.8,0.0,39.265568,79,145
216,-38.36818200000001,-7.117116999999997,3.2866666666666666,0.0,25.4,0.0,30.712672,67,0
217,-36.552389,-7.117117000000004,3.293333333333333,0.0,22.5,0.0,36.544192,78,0
218,-44.97184900000001,-6.216216000000001,2.326522055619178,0.0,23.7,0.0,33.239664000000005,95,0
219,-44.065618999999984,-6.216215999999999,2.273034880745963,0.0,25.3,0.0,25.26992,79,0
220,-43.15939,-6.216216000000007,2.276423597033654,0.0,25.6,0.0,27.796912000000003,69,0
221,-42.25316099999999,-6.216216,3.1733333333333333,0.0,25.0,0.0,37.127344,58,0
222,-41.34693199999999,-6.216216000000002,3.179458477779617,0.0,25.3,0.0,32.267744,66,0
223,-40.440702,-6.216215999999995,3.2195015534107836,0.0,24.0,0.0,25.26992,76,0
224,-39.534472999999984,-6.216215999999996,3.8291228070175434,0.9516258196404048,25.5,0.0,39.654336,68,10
225,-38.628244,-6.2162159999999975,2.128184629841704,0.0,26.5,0.1,23.909232000000003,71,0
226,-37.722014999999985,-6.2162159999999975,3.0,0.0,24.5,0.0,37.321728,60,0
227,-36.81578599999999,-6.216215999999998,2.973333333333333,0.0,24.0,0.0,36.155424000000004,68,0
228,-35.003327,-6.216215999999998,3.3366666666666664,0.0,26.4,0.0,38.293648,81,0
229,-34.097098,-6.2162159999999975,3.306666666666666,0.0,26.0,0.0,59.481504,80,0
230,-43.376478999999996,-5.315314999999992,2.112867706272625,0.0,25.0,0.0,16.328256,70,0
231,-42.471686999999996,-5.315315000000004,2.634892327583622,0.0,25.9,0.0,21.38224,62,0
232,-41.566896000000014,-5.315315000000009,2.5982041231013713,0.0,25.5,0.0,21.38224,55,0
233,-40.662104,-5.315314999999998,2.3105897592259566,0.0,24.9,0.0,18.855248,71,0
234,-39.757313,-5.315314999999997,3.013333333333333,0.48770575499285984,24.1,0.0,26.24184,72,5
235,-38.85252100000001,-5.315314999999992,3.1758451528436993,0.0,27.2,0.0,22.742928,70,0
236,-37.94772999999999,-5.315315000000001,2.3696461644582723,0.0,27.1,0.0,35.183504000000006,78,0
237,-36.13814699999999,-5.315315000000001,3.1699999999999995,0.0,25.9,0.0,39.071184,79,0
238,-35.233354999999996,-5.315314999999997,3.3266666666666667,0.0,26.5,0.0,36.738575999999995,78,0
239,-34.328564,-5.315314999999992,3.432,0.0,26.1,0.1,62.980416,82,0
240,-33.423772,-5.315315000000001,3.405333333333333,0.0,25.7,0.1,56.37136,84,0
241,-42.65561999999999,-4.414414000000001,3.245401148757549,0.0,25.9,0.0,5.053984,83,0
242,-41.75203799999999,-4.414413999999995,3.010936415495823,0.0,27.5,0.0,14.190032,73,0
243,-40.84845700000001,-4.414413999999994,3.4833333333333334,0.0,22.0,0.0,37.516112,75,0
244,-39.944876,-4.4144139999999945,3.4,0.0,26.9,0.0,29.935136,67,0
245,-39.041294,-4.414414000000003,1.95976616085938,7.630722413178782,25.5,0.0,33.822815999999996,68,144
246,-38.137713,-4.414414000000008,2.9762112957086173,2.5173643242143475,27.2,0.0,37.321728,83,29
247,-37.234131,-4.414413999999998,2.95,0.0,25.9,0.0,75.80976,75,0
248,-36.33055,-4.414413999999994,3.286666666666666,0.0,25.7,0.0,73.86592,80,0
249,-35.426968,-4.414414000000001,3.27,0.0,26.0,0.0,69.395088,77,0
250,-34.523387,-4.414413999999994,3.3273333333333333,0.0,26.0,0.2,63.757951999999996,79,0
251,-33.619805,-4.414413999999993,3.175333333333333,0.0,25.8,0.1,55.39944,79,0
252,-32.716224000000004,-4.414413999999992,3.0466666666666664,0.0,26.0,0.0,54.621904,76,0
253,-41.902590000000004,-3.5135140000000025,3.108157970639407,0.0,27.3,0.0,17.883328,78,0
254,-40.999993,-3.5135140000000002,3.5666666666666664,4.4567271526549295,25.1,0.0,32.850896,80,59
255,-40.097395999999996,-3.5135140000000087,3.2003569456956025,4.566491309255002,27.2,0.0,21.771008,79,61
256,-39.19479799999999,-3.5135139999999936,2.60309026370032,3.4949090527668347,27.7,0.0,40.431872,88,43
257,-38.292201,-3.513513999999997,3.2666666666666666,0.0,26.5,0.0,75.80976,78,0
258,-37.38960300000001,-3.5135139999999994,3.2099999999999995,0.0,26.4,0.0,75.615376,79,0
259,-36.487006,-3.5135139999999967,3.286666666666666,0.0,26.5,0.0,72.50523199999999,80,0
260,-35.58440800000002,-3.5135140000000007,3.143333333333333,0.0,26.0,0.0,67.25686400000001,79,0
261,-34.681811,-3.5135140000000016,3.3299999999999996,0.0,26.1,0.0,62.397264,81,0
262,-33.77921299999999,-3.5135140000000002,3.3579999999999997,0.0,26.0,0.4,57.732048,79,0
263,-32.876615999999984,-3.513513999999995,3.1733333333333333,0.0,26.3,0.0,52.289296,74,0
264,-31.974018,-3.513513999999998,3.2666666666666666,0.0,25.8,0.0,51.706144,78,0
265,-31.071420999999997,-3.5135139999999914,3.3586666666666662,0.0,26.0,0.1,46.263392,80,0
266,-41.11690099999999,-2.6126129999999996,3.3899999999999997,0.0,26.2,0.0,63.952335999999995,79,0
267,-39.313224,-2.612612999999998,3.0933333333333333,0.0,26.6,0.0,75.80976,78,0
268,-38.41138599999999,-2.6126129999999996,3.34,0.0,26.8,0.0,70.755776,80,0
269,-37.509547,-2.6126129999999943,3.333333333333333,0.0,26.8,0.0,68.0344,80,0
270,-36.60770900000001,-2.612612999999998,3.1999999999999997,0.0,26.7,0.0,66.673712,76,0
271,-35.705871,-2.6126129999999934,3.17,0.0,26.8,0.0,64.341104,77,0
272,-34.80403200000001,-2.612612999999999,3.1266666666666665,0.0,26.4,0.0,60.647808,80,0
273,-33.902194,-2.612612999999994,3.263333333333333,0.0,26.3,0.0,58.703967999999996,77,0
274,-33.000356,-2.6126129999999965,3.1666666666666665,0.0,26.0,0.0,54.816288,78,0
275,-32.09851700000001,-2.6126129999999943,3.3586666666666662,0.0,26.1,0.1,54.816288,80,0
276,-31.196678999999996,-2.612612999999999,3.2266666666666666,0.0,26.1,0.0,47.235312,78,0
277,-30.294841000000005,-2.612612999999998,3.478666666666667,0.0,25.9,0.1,49.179152,82,0
278,-39.396719,-1.7117120000000001,3.0866666666666664,0.0,27.1,0.0,71.92208,78,0
279,-38.49541599999999,-1.7117120000000001,3.143333333333333,0.0,27.1,0.0,69.200704,79,0
280,-37.594113,-1.7117119999999937,3.34,0.0,27.0,0.0,67.64563199999999,78,0
281,-36.69281,-1.7117120000000008,3.31,0.0,26.9,0.0,67.64563199999999,77,0
282,-35.791506,-1.7117119999999957,3.3266666666666667,0.0,26.7,0.0,62.980416,78,0
283,-34.89020300000001,-1.7117120000000015,3.313333333333333,0.0,26.5,0.0,58.703967999999996,78,0
284,-33.9889,-1.7117120000000052,3.223333333333333,0.0,26.2,0.0,59.481504,75,0
285,-33.087597,-1.7117120000000035,3.313333333333333,0.0,26.1,0.0,52.289296,78,0
286,-32.186294,-1.7117119999999957,3.19,0.0,25.8,0.0,49.762304,77,0
287,-31.284991,-1.7117120000000006,3.363333333333333,0.0,26.1,0.0,48.401616,81,0
288,-30.38368800000001,-1.7117119999999946,3.4566666666666666,0.0,26.0,0.0,44.70832,83,0
289,-29.482385,-1.7117120000000006,3.3499999999999996,0.0,25.8,0.0,47.62408,81,0
290,-38.54439500000001,-0.8108109999999945,3.223333333333333,0.0,27.2,0.0,68.228784,79,0
291,-37.643404,-0.8108109999999993,3.3086666666666664,0.0,27.1,0.1,67.06248,79,0
292,-36.74241299999999,-0.8108109999999957,3.592,0.0,27.0,0.1,66.09056,82,0
293,-35.84142200000001,-0.8108110000000003,3.4686666666666666,0.0,26.7,0.1,64.924256,85,0
294,-34.940429999999985,-0.8108110000000006,3.293333333333333,0.0,26.6,0.0,62.20288,78,0
295,-34.039439,-0.8108109999999963,3.27,0.0,26.2,0.0,59.870272,77,0
296,-33.138448,-0.8108109999999896,3.4,0.0,26.1,0.0,57.926432,82,0
297,-32.237457,-0.8108110000000002,3.2499999999999996,0.0,26.1,0.0,52.48368,79,0
298,-31.336465999999998,-0.8108109999999947,3.3166666666666664,0.0,26.2,0.0,50.53984,81,0
299,-30.435474999999993,-0.8108109999999934,3.572,0.0,25.9,0.1,47.040928,84,0
300,-29.53448399999999,-0.8108109999999936,3.5666666666666664,0.0,26.0,0.0,48.012848,80,0
301,-28.633493,-0.8108109999999985,3.533333333333333,0.0,26.1,0.0,46.457775999999996,78,0
302,-37.657481999999995,0.09009000000000965,3.485333333333333,0.0,27.2,0.1,67.64563199999999,84,0
303,-36.756579999999985,0.09008999999999877,3.4619999999999997,0.0,26.9,0.1,65.50740800000001,83,0
304,-35.855678000000005,0.09008999999999409,3.4699999999999998,0.0,26.9,0.0,66.28494400000001,83,0
305,-34.95477600000001,0.09009000000000493,3.4099999999999997,0.0,26.5,0.0,62.78603199999999,79,0
306,-34.05387399999999,0.09009000000000532,3.2786666666666666,0.0,26.4,0.1,55.010672,84,0
307,-33.152972,0.09008999999999762,3.4019999999999997,0.0,26.1,0.1,55.39944,85,0
308,-32.252069999999996,0.09009000000000321,3.3,0.0,26.0,0.0,56.176975999999996,80,0
309,-31.351168,0.09008999999999796,3.283333333333333,0.0,26.0,0.0,52.289296,83,0
310,-30.450265999999992,0.09009000000000139,3.525333333333333,0.0,26.0,0.1,48.790384,86,0
311,-29.549363999999994,0.09008999999999663,3.2766666666666664,0.0,26.1,0.0,48.596000000000004,79,0
312,-28.648462,0.09009000000000233,3.533333333333333,0.0,26.2,0.0,48.790384,78,0
313,-27.747559999999993,0.09009000000000388,3.6166666666666667,0.0,26.6,0.0,43.7364,83,0
314,-36.735328,0.9909909999999986,3.31,0.0,27.0,0.0,58.898352,83,0
315,-35.834293,0.9909910000000006,3.4353333333333333,0.0,27.0,0.1,61.425344,85,0
316,-34.93325699999999,0.990991000000004,3.525333333333333,0.0,26.6,0.1,62.980416,84,0
317,-34.03222100000001,0.9909910000000006,3.5439999999999996,0.0,26.5,0.2,60.842192000000004,86,0
318,-33.13118599999999,0.9909910000000022,3.4066666666666667,0.0,26.4,0.0,59.870272,82,0
319,-32.23015,0.9909910000000056,3.4066666666666663,0.0,26.1,0.0,56.565744,80,0
320,-31.329114000000004,0.9909909999999988,3.2099999999999995,0.0,26.2,0.0,53.844367999999996,79,0
321,-30.428079000000004,0.9909909999999968,3.4753333333333334,0.0,26.2,0.1,48.984767999999995,85,0
322,-29.527042999999995,0.9909909999999994,3.614,0.0,26.2,0.2,48.401616,85,0
323,-28.626006999999998,0.9909910000000016,3.6333333333333333,0.0,26.5,0.0,50.928608,84,0
324,-27.724972,0.9909909999999996,3.512,0.0,26.6,0.1,46.846544,84,0
325,-26.823935999999996,0.9909910000000054,3.595333333333333,0.0,26.6,0.1,44.513936,81,0
326,-25.922899999999995,0.9909910000000001,3.6333333333333333,0.0,26.0,0.0,42.958864000000005,84,0
327,-35.77723999999999,1.8918920000000043,3.3786666666666663,0.0,26.5,0.1,56.176975999999996,80,0
328,-34.87584699999999,1.8918920000000072,3.33,0.0,26.6,0.0,58.3152,83,0
329,-33.974455000000006,1.8918919999999957,3.495333333333333,0.0,27.0,0.1,60.453424000000005,85,0
330,-33.07306299999999,1.8918919999999988,3.4086666666666665,0.0,26.6,0.1,55.593824000000005,83,0
331,-32.17167100000001,1.8918920000000017,3.5306666666666664,0.0,26.5,0.2,59.481504,86,0
332,-31.270278,1.8918920000000032,3.517333333333333,0.0,26.4,0.2,56.37136,86,0
333,-30.368885999999996,1.8918920000000037,3.4066666666666667,0.0,26.8,0.0,49.762304,82,0
334,-29.467494000000002,1.8918919999999968,3.3553333333333333,0.0,26.8,0.1,44.319552,83,0
335,-28.566101999999997,1.8918919999999997,3.51,0.0,26.4,0.0,46.65216,85,0
336,-27.664709,1.8918920000000021,3.44,0.0,26.5,0.0,44.319552,78,0
337,-26.763317,1.8918920000000032,3.5666666666666664,0.0,26.5,0.0,40.431872,80,0
338,-25.861925,1.8918919999999968,3.5919999999999996,0.0,26.0,0.1,41.015024000000004,84,0
339,-24.960533,1.8918920000000004,3.662,0.0,25.9,0.1,39.459952,85,0
340,-34.782476,2.7927930000000054,3.445333333333333,0.0,26.6,0.1,53.261216,82,0
341,-33.880504,2.7927929999999948,3.383333333333333,0.0,26.7,0.0,53.261216,81,0
342,-32.97853199999999,2.7927930000000076,3.4619999999999997,0.0,26.9,0.1,53.4556,85,0
343,-32.07655999999999,2.792793,3.502,0.0,27.4,0.1,49.56792,85,0
344,-31.174588,2.7927929999999987,3.3833333333333333,0.0,27.0,0.0,47.235312,85,0
345,-30.272615,2.792793000000001,3.122,0.0,26.8,0.1,45.874624000000004,79,0
346,-29.370643000000005,2.7927930000000023,3.1266666666666665,0.0,26.9,0.0,39.265568,74,0
347,-28.468671000000004,2.792792999999996,3.546210526315789,0.0,27.0,0.1,36.544192,81,0
348,-27.56669899999999,2.7927930000000027,3.5286666666666666,0.0,26.8,0.1,38.8768,83,0
349,-26.664727000000003,2.792792999999999,3.6286666666666667,0.0,26.6,0.1,39.84872,83,0
350,-25.762754,2.792793000000001,3.71,0.0,26.4,0.5,39.654336,85,0
351,-24.860782,2.792793,3.6886666666666668,0.0,26.2,0.6,41.403792,83,0
352,-23.958809999999996,2.792793000000001,3.734,0.0,26.2,0.7,38.293648,85,0
353,-33.750251999999996,3.693694000000003,3.6173333333333333,0.0,26.3,0.2,28.18568,84,0
354,-32.847475,3.693694,3.6693333333333333,0.0,26.5,0.3,32.850896,84,0
355,-31.944699000000004,3.693694000000003,3.443333333333333,0.0,26.3,0.0,35.572272,81,0
356,-31.041922999999997,3.6936940000000003,3.502,0.0,26.9,0.1,27.796912000000003,85,0
357,-30.139147,3.693694000000002,3.666,0.0,26.6,0.3,35.377888,85,0
358,-29.236370999999995,3.6936939999999967,3.6693333333333333,0.0,26.5,0.3,31.490208,84,0
359,-28.333594,3.6936940000000003,3.5786666666666664,0.0,26.9,0.1,33.628432000000004,80,0
360,-27.430818000000002,3.693693999999996,3.6333333333333333,0.0,27.1,0.0,36.155424000000004,84,0
361,-26.528042000000003,3.693694000000003,4.590315789473684,0.0,26.8,0.2,41.79256,82,0
362,-25.625266000000003,3.693693999999998,3.7053333333333334,0.0,26.7,0.6,44.513936,84,0
363,-24.722488999999996,3.6936940000000043,4.257087719298245,0.0,26.6,0.6,41.403792,83,0
364,-23.819713000000004,3.693694,3.6333333333333333,0.0,26.8,0.0,38.293648,84,0
365,-22.916937,3.693694000000002,3.65815591275426,0.0,26.8,1.1,34.794736,86,0
366,-32.679731,4.594594999999996,3.6406666666666667,0.0,26.5,0.2,31.295824000000003,83,0
367,-31.775924999999994,4.594594999999999,3.6573333333333333,0.0,26.5,0.2,33.239664000000005,84,0
368,-30.872119999999992,4.594595,3.7299999999999995,0.0,26.5,0.5,26.824992,87,0
369,-29.968315000000004,4.5945950000000035,3.71,0.0,26.8,0.5,28.768832000000003,85,0
370,-29.064509000000005,4.594595000000001,3.6693333333333333,0.0,26.8,0.3,29.546367999999998,84,0
371,-28.160704000000006,4.594594999999997,4.2042045503772725,0.0,27.1,0.5,34.794736,82,0
372,-27.256899,4.594595,3.520134374938676,0.0,27.0,0.2,37.321728,80,0
373,-26.353093000000005,4.594595000000001,3.772666666666667,0.0,27.1,1.3,40.82064,83,0
374,-25.449287999999996,4.594595000000002,4.801508771929824,0.0,27.2,1.4,40.82064,83,0
375,-24.545483,4.594595,4.513754385964912,0.0,27.0,0.1,39.654336,84,0
376,-23.641677,4.594594999999999,3.707333333333333,0.0,26.9,0.2,37.90488,87,0
377,-22.737872,4.594595000000001,4.1876917844915145,0.0,26.6,0.0,33.628432000000004,83,0
378,-31.570027999999997,5.495495000000001,3.6813333333333333,0.0,26.5,0.4,28.574448,84,0
379,-30.664967000000004,5.495495000000001,3.689256419228008,0.0,26.9,0.7,24.298000000000002,84,0
380,-29.759906000000004,5.495495000000001,3.712666666666667,0.0,27.0,0.8,25.26992,83,0
381,-28.854846000000002,5.495494999999998,3.618,0.0,27.2,0.4,26.630608,83,0
382,-27.949785000000006,5.495495000000001,4.543052631578948,0.0,27.4,0.1,30.907056,83,0
383,-27.044724000000006,5.495495000000001,3.272945652652832,0.0,27.0,1.5,39.84872,84,0
384,-26.139663,5.495495000000001,3.7688225794209265,0.0,27.5,2.3,40.626256,84,0
385,-25.234602,5.495495000000001,3.674,0.0,27.6,0.2,39.84872,85,0
386,-24.329542,5.495495000000004,4.498842105263157,0.0,27.6,0.1,33.434048,85,0
387,-23.424481,5.495495000000002,4.46498245614035,0.0,27.3,0.1,31.10144,86,0
388,-22.51942,5.495494999999998,6.894631578947368,0.0,26.9,0.1,30.712672,85,0
389,-21.614359,5.495494999999999,3.7257894736842103,0.0,26.6,0.0,28.574448,85,0
390,-31.326750999999987,6.396396000000002,3.5326328281925083,0.0,26.9,0.7,20.799087999999998,83,0
391,-30.420206000000004,6.396396,3.424871802049073,0.0,27.1,0.7,19.4384,83,0
392,-29.513661999999993,6.396396000000004,4.453193962154611,0.0,27.1,0.6,21.771008,83,0
393,-28.607118,6.396396000000001,3.5800429771429605,0.0,27.0,0.2,22.159776,81,0
394,-27.700574000000003,6.396395999999999,4.613298245614035,0.0,27.1,1.2,26.824992,83,0
395,-26.79403,6.396395999999995,3.6888471940673075,0.0,27.6,2.3,36.544192,84,0
396,-25.887485000000005,6.396396000000004,3.9906666666666664,0.0,27.6,2.7,35.766656,86,0
397,-24.980941000000005,6.396395999999999,4.800596491228069,0.0,27.6,2.1,38.682415999999996,87,0
398,-24.074396999999998,6.396396000000001,4.564912280701754,0.0,27.5,0.0,35.766656,84,0
399,-23.167853,6.396396000000003,3.6333333333333333,0.0,27.1,0.0,28.18568,84,0
400,-22.261309,6.396396000000001,4.37859649122807,0.0,27.0,0.0,29.1576,84,0
401,-21.354764,6.396396000000001,6.036666666666667,0.0,26.8,0.0,27.796912000000003,83,0
402,-20.44822,6.396396000000002,6.1000000000000005,0.0,27.0,0.0,28.18568,82,0
403,-30.137530999999996,7.2972969999999995,3.1549507740395457,0.0,27.1,0.7,13.023728,83,0
404,-29.229273000000003,7.2972969999999995,3.1038707731065,0.0,27.0,0.7,10.496736,82,0
405,-28.321015999999997,7.297296999999997,3.874136038130486,0.0,27.0,0.0,15.55072,81,0
406,-27.412758000000004,7.2972969999999995,4.467657551324018,0.0,27.1,1.6,20.215936,84,0
407,-26.504500999999998,7.297296999999997,4.779508771929824,0.0,27.5,2.8,33.04528,86,0
408,-25.596244000000002,7.297296999999999,3.9979999999999998,0.0,27.7,2.9,41.209407999999996,85,0
409,-24.687986,7.297296999999997,4.06659649122807,0.0,27.7,0.4,37.127344,84,0
410,-23.779728999999996,7.297296999999999,3.5766666666666667,0.0,27.2,0.0,31.878975999999998,83,0
411,-22.871471,7.297296999999997,3.5653333333333332,0.0,27.0,0.1,28.768832000000003,82,0
412,-21.963214,7.2972969999999995,3.6,0.0,27.0,0.0,28.380064,82,0
413,-21.054957,7.2972969999999995,3.6166666666666667,0.0,27.0,0.0,26.047456,83,0
414,-20.146699,7.297297000000001,3.6,0.0,27.0,0.0,26.436224,82,0
415,-19.238442,7.2972969999999995,6.117333333333334,0.0,27.1,0.2,25.075536,82,0
416,-28.906381999999997,8.198198,3.2993712875777863,0.0,26.9,0.7,14.967568,83,0
417,-27.99617900000001,8.198198,3.4333138534028973,0.0,27.0,0.4,19.632784,82,0
418,-27.085977000000003,8.198197999999998,6.176666666666667,0.0,27.0,0.5,27.602528,83,0
419,-26.175774,8.19819799999999,6.33,0.0,27.0,1.5,29.740752,85,0
420,-25.265571999999995,8.198197999999998,6.265333333333333,0.0,26.9,1.1,26.824992,84,0
421,-24.355369,8.198197999999996,4.636666666666667,0.0,26.9,0.5,33.239664000000005,83,0
422,-23.445167,8.198197999999996,3.6693333333333333,0.0,27.0,0.3,30.712672,84,0
423,-22.534964,8.198197999999994,6.861052631578947,0.0,27.0,0.5,30.712672,82,0
424,-21.624762000000004,8.198197999999994,3.636,0.0,27.1,0.3,27.796912000000003,82,0
425,-20.714559,8.198197999999998,3.5372707777717305,0.0,27.2,0.1,23.131696,82,0
426,-19.804357000000007,8.198198,3.539292315587314,0.0,27.2,0.7,21.38224,82,0
427,-18.894154,8.198197999999998,3.267715919285583,0.0,27.1,0.7,17.688944,83,0
428,-17.983952,8.198198000000001,3.1015323283833753,0.0,27.2,0.5,15.55072,82,0
429,-27.632198,9.099099000000002,6.140666666666666,0.0,27.0,0.2,39.265568,83,0
430,-26.719815999999998,9.099099000000002,6.1273333333333335,0.0,26.8,0.2,41.986944,83,0
431,-25.807434000000004,9.099099000000004,3.83,0.0,26.8,1.5,37.516112,85,0
432,-24.895052,9.099099000000004,6.390000000000001,0.0,26.7,2.0,33.239664000000005,85,0
433,-23.982669999999995,9.099099000000004,6.27,0.0,26.8,1.0,31.10144,85,0
434,-23.070287999999998,9.099099000000002,6.442666666666667,0.0,27.0,2.3,26.824992,86,0
435,-22.157906,9.099099,3.77437231652036,0.0,27.2,1.4,23.909232000000003,85,0
436,-21.245523,9.099099,6.0492994948591745,0.0,27.1,0.7,20.799087999999998,84,0
437,-20.333141,9.099099,6.06243692996711,0.0,27.1,1.8,18.660864,82,0
438,-19.420759,9.099099,3.3057989803878884,0.0,27.2,0.3,16.328256,83,0
439,-18.508377,9.099099000000002,2.2673261673907033,0.0,27.4,0.0,10.69112,82,0
440,-17.595995,9.099099,2.204007192601092,0.0,27.3,0.0,11.274272,81,0
441,-27.228608999999995,10.0,6.140666666666666,0.0,26.5,0.2,44.70832,83,0
442,-26.313810000000007,9.999999999999998,6.039333333333333,0.0,26.6,0.3,41.403792,83,0
443,-25.399011,9.999999999999998,3.866,0.0,26.8,1.8,34.405968,85,0
444,-24.484213000000008,9.999999999999996,4.0553333333333335,0.0,27.0,3.1,32.656512,87,0
445,-23.569413999999995,10.0,4.031333333333333,0.0,27.0,2.9,26.630608,87,0
446,-22.654615,9.999999999999996,3.875712829125554,0.0,27.4,2.3,23.32608,86,0
447,-21.739816,9.999999999999998,3.790625648920647,0.0,27.4,2.1,21.38224,87,0
448,-20.825018,10.0,6.371074879546333,0.0,27.2,2.9,20.993472,87,0
449,-19.910219000000005,10.000000000000002,6.041784621844165,0.0,27.2,1.6,17.49456,85,0
450,-18.995419999999996,10.0,3.216487184870138,0.0,27.2,0.0,14.5788,84,0
451,-18.080621,10.0,2.510584631174628,0.0,27.2,0.0,9.524816000000001,82,0
452,-17.165823000000003,10.000000000000004,1.949646164458272,0.0,27.4,0.0,5.248368,82,0
453,-16.251024,10.0,2.214009243821624,0.0,27.5,0.0,8.358512,82,0
454,-25.867441000000003,10.900901000000003,4.715508771929824,0.0,27.4,1.1,37.321728,86,0
455,-24.949984999999998,10.900901000000003,3.8373333333333335,0.0,27.0,1.7,38.488032000000004,84,0
456,-24.032529000000014,10.900901,3.5666666666666664,0.0,27.0,0.0,33.628432000000004,80,0
457,-23.115072999999985,10.900901000000003,6.033333333333334,0.0,27.1,0.0,29.935136,78,0
458,-22.197617999999988,10.900901000000001,5.77306052100261,0.0,27.2,0.0,22.159776,80,0
459,-21.280162000000004,10.900901,6.093270777771731,0.0,27.4,0.9,23.131696,80,0
460,-20.36270600000001,10.900901000000001,6.12774872548486,0.0,27.5,1.9,20.41032,81,0
461,-19.445251,10.900901000000003,3.2309220569521013,0.0,27.5,0.0,15.356336,83,0
462,-18.527794999999994,10.900901000000001,3.1342984659166016,0.0,27.4,0.5,11.857424,82,0
463,-17.610338999999993,10.900901000000001,1.8852215484789683,0.0,27.5,0.0,5.637136,82,0
464,-16.692883,10.900901000000001,1.8407959068893982,0.0,27.4,0.0,6.609056,83,0
465,-15.775428000000009,10.900901000000001,2.727174377071353,0.0,27.9,0.0,14.773183999999999,80,0
466,-25.380133000000004,11.801801999999999,3.2899999999999996,0.0,27.5,0.0,38.8768,79,0
467,-24.459775999999998,11.801802,3.423333333333333,0.0,27.4,0.0,34.405968,81,0
468,-23.539419999999996,11.801802,5.95,0.0,27.4,0.0,27.602528,81,0
469,-22.619064,11.801801999999999,3.3366666666666664,0.0,28.0,0.0,25.26992,79,0
470,-21.698707,11.801801999999999,3.3741405219356557,0.0,28.0,0.0,24.686767999999997,80,0
471,-20.778351,11.801801999999999,3.312,0.0,27.9,0.1,28.380064,80,0
472,-19.857994999999995,11.801802,3.3541620597512396,0.0,28.5,0.0,22.937312000000002,79,0
473,-18.937638000000003,11.801801999999999,2.5472297600257106,0.0,28.2,0.0,14.773183999999999,80,0
474,-18.017281999999998,11.801802,1.9385282159453887,0.0,28.2,0.0,8.552896,80,0
475,-17.09692599999999,11.801802,2.1695528339240777,0.0,28.2,0.0,9.330432,77,0
476,-16.176568999999997,11.801802,1.800779497125144,0.0,29.4,0.0,12.440576,91,0
477,-15.256213000000006,11.801801999999999,2.2651518069808882,0.0,28.9,0.0,12.051808000000001,94,0
478,-14.335856,11.801801999999999,1.8507918044483347,0.0,28.5,0.0,12.440576,96,0
479,-23.927749999999993,12.702703,3.486666666666667,0.0,27.5,0.0,35.183504000000006,82,0
480,-23.004245999999984,12.702702999999996,3.373333333333333,0.0,27.9,0.0,30.907056,80,0
481,-22.080740999999996,12.702702999999996,3.32,0.0,28.1,0.0,29.351983999999998,80,0
482,-21.157237000000002,12.702702999999998,3.4899999999999998,0.0,28.1,0.0,25.853072,81,0
483,-20.233733000000004,12.702703000000003,3.37527077777173,0.0,28.4,0.0,23.131696,79,0
484,-19.310228,12.702702999999996,2.779336430157977,0.0,28.6,0.0,16.911407999999998,81,0
485,-18.386723999999997,12.702703,2.411671811379535,0.0,28.5,0.0,14.967568,81,0
486,-17.463219,12.702703,2.309466682661744,0.0,28.7,0.0,16.328256,81,0
487,-15.616209999999997,12.702703,2.4439589889185953,0.0,29.5,0.0,15.939487999999999,96,0
488,-13.769201000000004,12.702702999999996,2.928220532865626,0.0,28.4,0.0,17.300176,91,0
489,-23.353211999999992,13.603603999999997,3.433333333333333,0.0,27.4,0.0,37.321728,82,0
490,-22.426306999999994,13.603604,3.383333333333333,0.0,27.6,0.0,31.684592000000002,81,0
491,-21.499403,13.603604000000002,3.5266666666666664,0.0,27.8,0.0,30.12952,82,0
492,-20.572498999999997,13.603604,3.506666666666667,0.0,28.0,0.0,26.824992,82,0
493,-19.645595,13.603604,3.355277957043591,0.0,28.4,0.0,22.548544,80,0
494,-18.718690999999993,13.603603999999995,3.147552827259462,0.0,28.3,0.0,18.272096,77,0
495,-17.791787,13.603604,3.099770263300444,0.0,29.0,0.0,18.660864,82,0
496,-15.937978999999997,13.603604,2.0429056538524626,0.0,29.8,0.0,13.995648000000001,96,0
497,-15.011075,13.603603999999997,2.4695097582929106,0.0,29.5,0.0,16.328256,97,0
498,-14.084171000000003,13.603603999999997,2.904904634906812,0.0,29.4,0.0,21.38224,93,0
499,-13.157267000000001,13.603604,3.0137600205270156,0.0,30.0,0.0,20.604703999999998,91,0
500,-12.230362999999995,13.603604,2.612785657451355,0.0,30.0,0.0,20.993472,90,0
501,-21.804842999999998,14.504504999999996,3.4999999999999996,0.0,27.1,0.0,35.183504000000006,86,0
502,-20.874284,14.504504999999996,3.413333333333333,0.0,27.4,0.0,30.518288,84,0
503,-19.943724000000007,14.504505,3.4566666666666666,0.0,28.0,0.0,30.518288,83,0
504,-19.013163999999996,14.504504999999996,3.3241548804793783,0.0,28.1,0.0,23.520464,81,0
505,-18.082604,14.504504999999996,3.005321032674758,0.0,28.4,0.0,19.049632000000003,81,0
506,-16.221485,14.504505,2.1006523214521753,1.730408660566377,29.5,0.0,14.773183999999999,87,19
507,-15.290925,14.504504999999996,2.370532325051068,0.0,29.5,0.0,18.272096,83,0
508,-14.360365000000007,14.504505,2.9948492519524548,0.0,29.0,0.0,24.881152,86,0
509,-13.429806000000001,14.504505,2.8604748908761786,0.0,30.0,0.0,22.937312000000002,90,0
510,-21.139026999999995,15.405404999999995,3.533333333333333,0.0,26.5,0.0,39.84872,86,0
511,-20.204551,15.405404999999998,3.48,0.0,27.4,0.0,36.738575999999995,84,0
512,-19.270075,15.405405,3.3033333333333332,0.0,27.8,0.0,34.600352,79,0
513,-18.335598,15.405405,3.343333333333333,0.0,28.2,0.0,28.574448,81,0
514,-17.401122,15.405404999999995,3.4866666666666664,0.0,28.8,0.0,25.26992,80,0
515,-16.466646,15.405404999999998,3.2716902790289355,0.8606881472877181,30.4,0.0,21.771008,88,9
516,-15.532169000000003,15.405404999999995,1.9626471934008456,0.0,31.1,0.0,7.192208000000001,75,0
517,-14.597693000000001,15.405404999999995,1.7629323197193751,0.0,29.9,0.0,12.829343999999999,69,0
518,-13.663217,15.405404999999998,1.8562871908682919,0.0,30.0,0.0,16.328256,79,0
519,-12.728740000000002,15.405405,1.8629518063144268,0.0,30.5,0.0,15.745104,79,0
520,-11.794263999999998,15.405405,2.3276820674821934,0.0,30.8,0.0,23.131696,71,0
521,-10.859787999999998,15.405404999999998,2.351225657584647,0.0,30.2,0.0,20.604703999999998,70,0
522,-9.925311000000002,15.405405,2.805991815111719,0.0,33.0,0.0,19.827168,60,0
523,-20.427965,16.306305999999996,3.42,0.0,26.7,0.0,52.872448,84,0
524,-19.489306,16.306306000000003,3.3799999999999994,0.0,27.3,0.0,49.762304,80,0
525,-18.550647,16.306306000000003,3.416666666666666,0.0,27.9,0.0,47.818464000000006,81,0
526,-17.611988,16.306305999999996,3.363333333333333,0.0,28.3,0.0,42.76448,81,0
527,-14.796011000000005,16.306305999999992,2.631580532065872,0.0,31.5,0.0,12.63496,67,0
528,-13.857352000000006,16.306305999999996,0.992070773772961,0.0,31.5,0.0,5.053984,68,0
529,-12.918692999999994,16.306306,1.5008225727563107,0.0,31.5,0.0,8.941664,71,0
530,-11.980034000000003,16.306305999999992,1.261977443238766,0.0,31.0,0.0,10.885504,63,0
531,-11.041375000000002,16.306306,1.524588726951075,0.0,32.8,0.0,9.136048,58,0
532,-10.102716000000001,16.306305999999992,1.6803087286838756,0.0,34.2,0.0,9.330432,57,0
533,-9.164056999999996,16.306305999999992,1.6103302664994592,0.0,35.7,0.0,12.829343999999999,35,0
534,-18.727579,17.207207000000004,3.2399999999999998,0.0,26.8,0.0,57.148896,86,0
535,-17.784466000000002,17.207207,3.0666666666666664,0.0,27.9,0.0,59.675888,80,0
536,-16.841352,17.207206999999997,3.0566666666666666,0.0,28.1,0.0,57.732048,77,0
537,-15.898238,17.207207000000004,3.129333333333333,0.0,31.3,0.0,26.24184,67,0
538,-14.955125000000002,17.207206999999997,2.5603682140792965,0.0,34.2,0.0,29.740752,59,0
539,-13.068898,17.207207,1.7773887296169217,0.0,32.5,0.0,15.356336,63,0
540,-12.125784,17.207207,1.8486471934008457,0.0,36.4,0.0,12.440576,60,0
541,-10.239556999999996,17.207206999999997,2.0040030901600288,0.0,36.0,0.0,22.35416,15,0
542,-9.296442999999996,17.207207,1.8400584731143856,0.0,36.3,0.0,18.855248,15,0
543,-8.353329999999998,17.207207,3.0468902696984745,0.0,36.7,0.0,27.991296000000002,15,0
544,-17.918325,18.108108,3.583333333333333,0.0,27.0,0.0,63.563568000000004,81,0
545,-16.970478999999997,18.108108000000005,3.36,0.0,27.4,0.0,61.23096,76,0
546,-15.074786999999999,18.108108,2.760245140847391,0.0,32.7,0.0,27.21376,41,0
547,-14.126941,18.108108,2.0979907828368383,0.0,34.7,0.0,22.35416,28,0
548,-13.179094999999998,18.10810800000001,2.7343774445716886,0.0,35.4,0.0,35.96104,32,0
549,-12.231248999999993,18.108108000000005,2.403689240089439,0.0,36.2,0.0,25.075536,29,0
550,-11.283403,18.108108,3.1194584777796175,0.0,35.5,0.0,36.93296,26,0
551,-10.335557000000005,18.108107999999998,1.616589745896726,0.0,35.0,0.0,25.658687999999998,24,0
552,-8.439865000000012,18.108107999999998,1.8582400127960617,0.0,35.1,0.0,23.909232000000003,18,0
553,-7.492019000000014,18.108107999999998,2.1631118015159037,0.0,35.5,0.0,34.405968,21,0
554,-17.060423,19.009009000000002,2.9166666666666665,0.0,25.4,0.0,51.900528,77,0
555,-16.10756,19.009009000000006,2.8833333333333333,0.5823546641575128,29.2,0.0,32.850896,75,6
556,-15.154697,19.009009000000002,3.0839999999999996,0.0,34.7,0.0,31.295824000000003,47,0
557,-14.201834000000002,19.009009000000002,3.349489246087593,0.0,35.5,0.0,30.712672,29,0
558,-13.248971000000003,19.009009000000002,1.642555900757952,0.0,35.3,0.0,39.071184,31,0
559,-12.296108000000006,19.009009000000002,2.5102912933093555,0.0,34.2,0.0,47.429696,26,0
560,-11.343244999999992,19.009009000000006,2.229022573422772,0.0,33.8,0.0,44.125168,29,0
561,-10.390381999999997,19.009009000000002,1.7211794917934518,0.0,32.9,0.0,36.738575999999995,26,0
562,-9.437517999999985,19.009009000000013,1.9751333393314874,0.0,33.6,0.0,28.380064,22,0
563,-8.484655000000005,19.009009000000002,2.5103220616173316,0.0,34.2,0.0,33.434048,20,0
564,-7.531792000000017,19.009009000000002,2.9448564245597004,0.0,34.6,0.0,34.0172,21,0
565,-6.578928999999996,19.009009000000002,2.560979497791606,0.0,34.9,0.0,26.630608,21,0
566,-16.152666,19.90991,2.865333333333333,0.9516258196404048,30.6,0.0,29.546367999999998,72,10
567,-15.194495,19.909910000000004,2.9866666666666664,0.0,33.5,0.0,32.267744,37,0
568,-13.278151999999997,19.909910000000004,3.122945652652832,0.0,36.5,0.0,46.846544,29,0
569,-12.319980000000001,19.90991,2.6695353985495576,0.0,33.0,0.0,53.844367999999996,30,0
570,-11.361809000000003,19.909910000000004,2.1970225734227724,0.0,33.2,0.0,44.70832,29,0
571,-10.403636999999998,19.909910000000004,2.852902577021665,0.0,32.5,0.0,42.375712,26,0
572,-9.445466,19.909910000000004,2.6249887282839985,0.0,33.6,0.0,42.570096,24,0
573,-8.48729400000001,19.909910000000004,2.5203220616173314,0.0,34.7,0.0,40.626256,21,0
574,-7.5291229999999985,19.909910000000004,2.762924114837248,0.0,35.0,0.0,38.682415999999996,20,0
575,-6.570950999999996,19.90991,2.5396461644582726,0.0,34.5,0.0,28.574448,21,0
576,-5.612779000000007,19.909909999999996,2.2838728376562623,0.0,35.5,0.0,21.187856,22,0
577,-15.193765999999997,20.810811000000005,3.1333333333333333,0.0,35.0,0.0,48.984767999999995,26,0
578,-14.229987,20.810811000000005,3.1726666666666663,0.0,34.8,0.0,27.796912000000003,25,0
579,-13.266208,20.810811000000005,3.4734584777796176,0.0,35.7,0.0,31.684592000000002,23,0
580,-12.302428000000006,20.810811000000005,2.9840666713318975,0.0,34.6,0.0,12.63496,22,0
581,-11.338648999999997,20.810811000000008,3.1426666666666665,0.0,34.3,0.0,46.457775999999996,24,0
582,-10.374869999999998,20.810811000000005,2.9028348867441167,0.0,33.5,0.0,45.485856,25,0
583,-9.411090999999999,20.810811000000008,2.5243005238017484,0.0,34.4,0.0,44.513936,24,0
584,-8.447312000000013,20.810811,2.087111801515904,0.0,34.7,0.0,49.179152,23,0
585,-7.483533000000004,20.810810999999998,2.0098338511369276,0.0,35.5,0.0,47.429696,21,0
586,-6.519753999999999,20.810811000000005,2.272488210480404,0.0,36.3,0.0,26.436224,17,0
587,-5.555973999999999,20.810811000000008,1.7363323177199905,0.0,35.0,0.0,8.164128,19,0
588,-4.592195000000013,20.810810999999994,1.5219630846950438,0.0,37.0,0.0,12.051808000000001,18,0
589,-14.182339000000004,21.711712,2.999333333333333,0.0,32.8,0.0,33.628432000000004,27,0
590,-13.212645,21.711712,3.037488213812712,0.0,33.5,0.0,23.520464,25,0
591,-12.242951000000003,21.711712,3.0275446290419508,0.0,31.9,0.0,38.293648,24,0
592,-11.273257000000003,21.711712,2.281633857135082,0.0,31.1,0.0,26.24184,28,0
593,-10.303563000000006,21.71171199999999,2.4196461644582725,0.0,33.5,0.0,33.239664000000005,25,0
594,-9.333870000000005,21.711712,2.1190687258847367,0.0,33.3,0.0,35.572272,25,0
595,-8.364176000000008,21.711712,2.2910441112383557,0.0,34.4,0.0,35.377888,23,0
596,-7.394482000000004,21.711711999999995,2.3857353925514033,0.0,34.8,0.0,42.181328,21,0
597,-6.424788000000004,21.711712,2.390432827526047,0.0,36.7,0.0,41.598175999999995,18,0
598,-5.455093999999999,21.711712000000002,2.5045374531023974,0.0,36.7,0.0,22.35416,17,0
599,-4.485400000000002,21.71171199999999,2.1013189881188423,0.0,36.2,0.0,18.272096,18,0
600,-3.5157059999999967,21.711711999999995,2.1458461584601185,0.0,37.8,0.0,26.824992,17,0
601,-13.116908000000002,22.612612999999996,2.956666666666666,0.0,32.0,0.0,31.295824000000003,27,0
602,-11.165058999999998,22.612612999999996,2.892,0.0,31.1,0.0,30.907056,28,0
603,-10.189135000000006,22.612612999999996,2.7361805274006405,0.0,32.0,0.0,33.239664000000005,27,0
604,-9.213210000000004,22.612612999999996,2.219689240089439,0.0,33.0,0.0,31.295824000000003,27,0
605,-8.237286000000003,22.612612999999996,2.2910441112383557,0.0,34.4,0.0,26.047456,23,0
606,-7.261361,22.612612999999996,2.042500517803594,0.0,34.8,0.0,26.824992,22,0
607,-6.285437000000003,22.612612999999996,1.993867696275702,0.0,36.2,0.0,32.656512,20,0
608,-5.309512000000002,22.612612999999996,1.2681856487873546,0.0,35.2,0.0,16.52264,21,0
609,-4.333588000000002,22.612612999999996,2.0069087306832603,0.0,38.2,0.0,19.244016000000002,19,0
610,-3.357662999999997,22.612612999999996,1.1731487234854756,0.0,35.5,0.0,6.9978240000000005,20,0
611,-2.381738999999982,22.612613,1.6809805234018715,0.0,36.9,0.0,11.66304,20,0
612,-11.995893000000002,23.513514000000004,2.746134374938676,0.0,29.0,0.0,27.991296000000002,29,0
613,-11.013413000000005,23.513514,2.8699999999999997,0.0,31.0,0.0,32.07336,29,0
614,-10.030933000000003,23.513514,2.8661128371230933,0.0,30.0,0.0,37.710496,26,0
615,-9.048453000000004,23.513514,2.973333333333333,0.0,32.0,0.0,31.295824000000003,26,0
616,-8.065972999999993,23.513514000000004,3.0521620597512396,0.0,34.4,0.0,22.937312000000002,24,0
617,-7.083491999999998,23.513514000000004,2.753001035607189,0.0,35.5,0.0,25.658687999999998,22,0
618,-6.1010120000000105,23.513514,1.9998769267680947,0.0,36.5,0.0,32.850896,20,0
619,-5.118531999999993,23.513514,1.9198769267680946,0.0,36.5,0.0,25.26992,20,0
620,-4.136052000000013,23.513514000000004,2.316445134849237,0.0,37.5,0.0,30.323904,21,0
621,-3.153571999999994,23.513514,1.2775066747974975,0.0,33.5,0.0,14.773183999999999,23,0
622,-2.1710920000000034,23.513514000000004,1.7787241141707868,0.0,36.4,0.0,12.440576,20,0
623,-1.1886120000000133,23.513514,2.256743600765838,0.0,36.3,0.0,13.60688,18,0
624,-10.817606000000001,24.414413999999997,2.8,0.0,26.9,0.0,25.26992,37,0
625,-9.828235,24.414413999999994,2.779698470581832,0.0,28.1,0.0,24.492383999999998,30,0
626,-8.838864999999997,24.414413999999997,2.670422571423388,0.0,30.2,0.0,19.827168,26,0
627,-7.849494,24.414413999999997,2.8406400074643696,0.0,33.1,0.0,20.215936,26,0
628,-6.860122999999994,24.414413999999997,2.583314892342394,0.0,34.2,0.0,15.161952,22,0
629,-5.870753,24.414414000000004,2.450423597033654,0.0,36.2,0.0,25.464304,21,0
630,-4.8813819999999986,24.414413999999994,2.2344328275260463,0.0,36.4,0.0,27.21376,22,0
631,-3.892011000000003,24.414413999999997,2.3084235970336535,0.0,36.6,0.0,26.047456,20,0
632,-2.902640000000004,24.414413999999994,1.9402061676572881,0.0,35.2,0.0,23.909232000000003,22,0
633,-1.9132699999999996,24.414413999999994,1.6391979594428532,0.0,35.7,0.0,15.55072,20,0
634,-0.9238990000000196,24.41441399999999,2.3112277088051787,0.0,36.7,0.0,19.4384,20,0
635,0.0654720000000048,24.414414000000004,2.22013847737974,0.0,35.2,0.0,22.159776,20,0
636,-10.576850999999998,25.315314999999995,2.5386615452799526,0.0,24.4,0.0,18.46648,61,0
637,-9.580244000000004,25.315315,2.8,0.0,25.7,0.0,26.047456,49,0
638,-8.583638000000002,25.315314999999988,2.468683083095536,0.0,27.8,0.0,16.717024,31,0
639,-7.587031000000005,25.315314999999984,2.3942841073728793,0.0,30.0,0.0,13.023728,26,0
640,-6.59042400000001,25.315314999999988,1.9174861692567955,0.0,33.4,0.0,15.745104,26,0
641,-5.593816999999998,25.315315,1.8973312954420325,0.0,35.5,0.0,18.272096,22,0
642,-4.597210000000002,25.31531499999999,1.879167191134877,0.0,36.2,0.0,20.799087999999998,20,0
643,-3.6006039999999886,25.315314999999995,3.417333333333333,0.0,37.7,0.0,34.405968,20,0
644,-2.6039970000000006,25.31531499999999,2.9705159152868137,0.0,37.0,0.0,24.103616000000002,21,0
645,-1.6073899999999963,25.315314999999995,1.447494367474307,0.0,33.5,0.0,9.524816000000001,22,0
646,-0.6107829999999952,25.315315,1.268431801915781,0.0,33.6,0.0,11.079888,22,0
647,0.3858229999999956,25.315314999999995,1.9738553889525114,0.0,36.2,0.0,34.211584,20,0
648,-9.286082000000002,26.216216,2.6164153921515267,0.0,23.5,0.0,20.41032,50,0
649,-8.281883000000002,26.216215999999996,2.4209220569521013,0.0,27.1,0.0,15.356336,34,0
650,-7.277683000000005,26.216215999999992,1.977176428291885,0.0,30.0,0.0,8.358512,29,0
651,-6.273484000000002,26.216215999999996,1.4091856521196624,0.0,32.2,0.0,12.051808000000001,25,0
652,-5.269284000000001,26.216216,1.7280123206524216,0.0,34.2,0.0,15.356336,24,0
653,-4.265084999999995,26.216216,2.4398297620250955,0.0,35.8,0.0,21.187856,22,0
654,-3.2608849999999983,26.216215999999992,2.385387710671271,0.0,34.8,0.0,24.492383999999998,22,0
655,-2.2566859999999966,26.216216,2.558754889143378,0.0,35.3,0.0,22.742928,23,0
656,-1.2524860000000035,26.216216,1.7158307809707458,0.0,32.7,0.0,12.051808000000001,24,0
657,-0.24828699999999537,26.216215999999996,1.8366984739141394,0.0,36.8,0.0,23.520464,22,0
658,0.7559130000000008,26.216216000000006,1.8984010402724203,0.0,34.0,0.0,12.63496,24,0
659,1.760111999999993,26.216215999999992,1.2652718033819963,0.0,34.0,0.0,6.80344,23,0
660,-6.920467999999991,27.117117000000004,1.737260528333687,0.0,29.1,0.0,9.524816000000001,27,0
661,-5.90830699999999,27.117117000000004,0.9722020585516088,0.0,31.9,0.0,7.192208000000001,25,0
662,-4.896146000000003,27.117116999999997,0.4314882071480961,0.0,32.3,0.0,4.470832,25,0
663,-3.8839839999999968,27.117116999999997,2.7795353985495574,0.0,33.5,0.0,25.26992,25,0
664,-2.8718230000000005,27.117116999999997,2.2671702746302893,0.0,33.5,0.0,18.855248,24,0
665,-1.8596620000000046,27.117116999999997,0.9886635965004845,0.0,32.5,0.0,13.801264,25,0
666,-0.8475010000000022,27.117116999999997,0.9342379549109145,0.0,33.0,0.0,9.524816000000001,25,0
667,0.16466000000001937,27.117117,1.6385046269092733,0.0,35.0,0.0,14.967568,23,0
668,1.1768209999999995,27.117116999999997,2.1710082215436657,0.0,34.8,0.0,18.46648,23,0
669,-7.534813000000001,28.018017999999998,1.773915913287429,0.0,28.4,0.0,15.939487999999999,27,0
670,-6.514309,28.018017999999998,1.1907897532278031,0.0,32.0,0.0,17.105792,28,0
671,-5.493804999999995,28.018017999999998,1.2751897545607258,0.0,31.0,0.0,4.470832,28,0
672,-4.473300999999995,28.018018000000005,1.2731948826120552,0.0,31.9,0.0,5.053984,30,0
673,-3.452796000000011,28.018017999999998,1.3287436007658384,0.0,31.9,0.0,11.857424,28,0
674,-2.4322920000000057,28.01801799999999,1.2381200097303386,0.0,32.2,0.0,11.857424,26,0
675,-1.4117880000000071,28.018017999999984,1.3078646261095195,0.0,31.8,0.0,13.801264,27,0
676,0.62922,28.018017999999998,1.7313692430218701,0.0,34.7,0.0,12.440576,24,0
677,1.6497239999999829,28.018017999999994,3.4406666666666665,0.0,34.2,0.0,31.684592000000002,23,0
678,2.6702279999999976,28.01801799999999,2.129167184470261,0.0,33.3,0.0,25.658687999999998,26,0
679,3.6907319999999997,28.018017999999998,1.7099446170456427,0.0,33.5,0.0,38.293648,25,0
680,-6.058037000000007,28.91891900000001,1.724615399482604,0.0,31.2,0.0,2.526992,27,0
681,-5.028795000000009,28.91891900000001,1.8596882211437886,0.0,31.4,0.0,9.136048,27,0
682,-3.999553000000013,28.918919000000002,0.9521877000078864,0.0,31.9,0.0,8.358512,29,0
683,-2.970309999999998,28.91891900000001,0.7333733387983179,0.0,31.4,0.0,8.552896,26,0
684,-1.941068000000009,28.918918999999995,1.0632482143458808,0.0,30.9,0.0,11.468656000000001,29,0
685,-0.9118260000000071,28.91891900000001,1.3981035999660847,0.0,34.2,0.0,10.69112,26,0
686,1.1466590000000065,28.91891900000001,0.7203025683576648,0.0,31.8,0.0,0.777536,25,0
687,2.1759020000000184,28.918919000000013,3.6190461624588877,0.0,33.8,0.0,23.32608,25,0
688,3.205144000000001,28.91891900000001,1.9720389865193342,0.0,33.9,0.0,22.937312000000002,26,0
689,4.234385999999996,28.91891900000001,3.5094800155952006,0.0,35.0,0.0,33.04528,26,0
690,-5.550382999999997,29.81982000000001,1.735833851136928,1.563351834036163,31.8,0.0,33.239664000000005,24,17
691,-4.511993000000015,29.819820000000004,1.4271333459961029,0.0,30.1,0.0,24.298000000000002,27,0
692,-3.47360200000001,29.819820000000004,1.4765435934347613,0.0,30.5,0.0,31.878975999999998,27,0
693,-2.435212,29.81982000000001,1.9249795044562208,0.0,31.0,0.0,22.548544,31,0
694,-1.396821000000005,29.81982000000001,1.3951261667242416,0.0,29.1,0.0,24.881152,31,0
695,-0.3584300000000101,29.819820000000004,1.4998461584601184,0.0,29.8,0.0,29.1576,33,0
696,0.6799599999999999,29.819820000000004,1.865068725884737,0.0,30.1,0.0,32.656512,36,0
697,1.718351000000014,29.81982000000001,1.9230584764466934,0.0,31.9,0.0,21.38224,43,0
698,2.756740999999995,29.819820000000004,1.2197559047567212,0.0,32.0,0.0,16.328256,40,0
699,3.795131999999993,29.819820000000004,0.8811179551774989,0.0,31.4,0.0,13.995648000000001,40,0
700,4.833521999999994,29.81982000000001,1.4825118061811349,0.0,31.7,0.0,14.384416000000002,37,0
701,5.871912999999985,29.819820000000004,1.819573346129395,0.0,33.0,0.0,22.159776,31,0
702,-3.9420040000000007,30.720720999999994,1.2466112837123093,0.7688365361336424,29.0,0.0,35.96104,26,8
703,-2.8940399999999933,30.720720999999998,1.4998461584601184,0.0,28.3,0.0,35.377888,30,0
704,-1.8460760000000018,30.720720999999998,1.7197784681825705,0.0,29.0,0.0,45.291472,37,0
705,-0.7981110000000031,30.720720999999998,1.1532902577021666,0.0,27.4,0.0,31.878975999999998,34,0
706,0.24985299999999797,30.720720999999998,1.1799446170456427,0.0,27.6,0.0,39.071184,36,0
707,1.297816999999999,30.720720999999994,1.2199323097224521,0.0,27.8,0.0,36.544192,35,0
708,2.3457819999999945,30.720720999999998,1.3598892340912854,0.0,28.4,0.0,26.24184,46,0
709,3.3937459999999957,30.720720999999987,1.2499230792300593,0.0,29.5,0.0,28.574448,42,0
710,4.441709999999991,30.720720999999987,1.542858475780232,0.0,29.4,0.0,23.32608,38,0
711,5.489673999999998,30.720720999999998,1.891440016794831,0.0,30.6,0.0,15.745104,33,0
712,6.5376389999999995,30.720720999999998,1.7828174513695971,0.0,32.0,0.0,23.909232000000003,31,0
713,-3.3173200000000045,31.621622,1.927184633174012,0.0,25.9,0.0,24.686767999999997,36,0
714,-1.201359,31.621622000000006,1.7897569303669871,0.0,27.1,0.0,29.740752,38,0
715,-0.1433790000000031,31.621621999999995,2.139655394950665,0.0,26.8,0.0,27.796912000000003,36,0
716,0.9146009999999971,31.621622,2.7028133489285335,0.0,26.6,0.0,31.684592000000002,40,0
717,1.9725810000000035,31.621622,1.9730994941927134,0.0,26.6,0.0,26.630608,41,0
718,3.0305609999999943,31.621622,1.4698553889525112,0.0,28.0,0.0,27.991296000000002,43,0
719,4.088540999999994,31.621621999999995,1.6098123133213442,0.0,29.3,0.0,33.628432000000004,40,0
720,5.146521000000004,31.621622000000006,1.6306092458210082,0.0,29.5,0.0,21.771008,38,0
721,7.262481999999989,31.621621999999995,0.6973589802545958,0.0,31.1,0.0,7.9697439999999995,34,0
722,-2.636307000000004,32.522523,1.4462215518112758,0.0,23.5,0.0,8.164128,38,0
723,-1.5678510000000054,32.52252299999999,1.616169245687716,0.0,20.9,0.0,9.913584,50,0
724,-0.49939500000000986,32.52252300000001,1.7394646314412119,0.0,26.0,0.0,19.244016000000002,37,0
725,0.5690610000000016,32.52252300000001,1.7395630900267363,0.0,24.5,0.0,13.995648000000001,47,0
726,1.6375170000000003,32.52252300000001,2.459556936365141,0.0,25.0,0.0,28.18568,41,0
727,2.7059729999999993,32.522523000000014,2.659489246087593,0.0,25.3,0.0,30.907056,46,0
728,4.842885000000006,32.522523,1.4998461584601184,0.0,28.8,0.0,34.0172,43,0
729,5.911340999999986,32.522523,1.2174030881606437,0.0,28.8,0.0,15.939487999999999,45,0
730,6.979796999999997,32.52252300000001,1.091886163925103,0.0,28.5,0.0,17.300176,51,0
731,8.048252999999995,32.52252299999999,0.6209261593931646,0.0,30.0,0.0,9.524816000000001,40,0
732,-1.8972000000000124,33.42342299999999,2.0538123266505757,0.0,20.4,0.0,15.356336,64,0
733,-0.8177890000000009,33.42342299999999,1.649800005998154,0.0,18.6,0.0,38.488032000000004,53,0
734,0.2616219999999916,33.423423,2.329590781503915,0.0,18.7,0.0,35.766656,67,0
735,1.3410330000000095,33.42342299999999,2.8,0.0,19.8,0.0,40.237488,65,0
736,2.420444000000002,33.423423,2.1896338571350817,0.0,22.9,0.0,40.043104,51,0
737,4.579266,33.42342299999999,1.9697015474126296,0.0,26.2,0.0,41.209407999999996,49,0
738,5.658677000000008,33.42342299999999,1.5798215438137373,0.0,27.6,0.0,34.794736,53,0
739,7.817498000000015,33.423423,1.6739374511030125,0.0,26.7,0.0,14.190032,59,0
740,8.896909000000004,33.42342300000001,1.468516934232464,0.9516258196404048,27.9,0.0,13.218112,54,10
741,9.976319999999987,33.42342300000001,2.3330441112383555,0.09950166250831893,25.6,0.0,37.710496,44,1
742,-0.007226000000007067,34.324324,2.8,0.0,20.9,0.0,33.822815999999996,65,0
743,1.0836389999999836,34.32432399999999,1.4998461584601184,0.0,20.0,0.0,38.293648,65,0
744,2.17450399999999,34.32432399999998,2.8,0.0,18.1,0.0,54.816288,66,0
745,3.2653700000000225,34.324324,2.5095353985495574,0.0,21.2,0.0,41.986944,61,0
746,4.356234999999997,34.32432399999998,2.0796677022738557,0.0,26.9,0.0,31.878975999999998,55,0
747,5.447100000000003,34.32432399999999,1.8172184783127858,0.0,26.4,0.0,24.686767999999997,56,0
748,6.5379649999999945,34.324324,2.0016266845278365,0.0,26.4,0.0,19.632784,63,0
749,7.628831000000002,34.324324,1.3851374484371661,0.0,27.3,0.0,14.967568,59,0
750,9.81056100000001,34.324324,1.718499498857944,0.0,27.0,0.0,10.885504,55,0
751,10.901427000000009,34.32432399999999,2.8841620597512394,0.0,23.5,0.0,22.937312000000002,69,0
752,0.8659179999999946,35.22522499999999,3.0895353985495575,0.0,22.8,0.0,46.457775999999996,69,0
753,1.9687589999999926,35.225224999999995,2.8,0.0,21.0,0.0,58.120816,62,0
754,3.071599999999991,35.225225,2.933333333333333,0.0,20.8,0.0,51.122992,65,0
755,5.277281999999993,35.22522499999999,1.4698553889525112,0.0,22.2,0.0,36.349807999999996,70,0
756,6.380122999999978,35.225224999999995,1.2974174467043662,0.0,19.9,0.0,11.274272,76,0
757,7.4829639999999955,35.22522499999999,1.245197959442853,0.0,21.9,0.0,17.300176,73,0
758,8.585804999999999,35.225224999999995,2.278189764557649,0.0,22.1,0.0,22.548544,68,0
759,9.688646000000004,35.22522499999999,2.7286974416392584,0.0,23.9,0.0,15.55072,64,0
760,10.791486999999998,35.22522499999999,2.0961497590926648,0.0,27.2,0.0,13.995648000000001,89,0
761,11.894328,35.225225,2.0205487348153217,0.0,24.5,0.0,12.440576,80,0
762,1.8038930000000049,36.126126,1.296589745896726,0.0,23.5,0.0,53.261216,70,0
763,2.9192550000000184,36.126126000000006,3.103333333333333,0.0,19.5,0.0,56.565744,71,0
764,4.034615999999999,36.12612599999999,2.7429241148372485,0.0,22.7,0.0,37.90488,84,0
765,7.380699999999993,36.126125999999985,1.7496933425305026,0.0,21.5,0.0,16.911407999999998,80,0
766,8.496060999999994,36.126126000000006,1.4519559054231828,0.0,23.9,0.0,14.384416000000002,82,0
767,9.611421999999994,36.126126,2.379756930366987,0.0,23.0,0.0,30.907056,77,0
768,11.842145000000004,36.126126000000006,2.7463005238017484,0.0,24.0,0.0,28.963216,71,0
769,2.809125000000007,37.02702699999999,3.033333333333333,0.0,22.9,0.0,63.563568000000004,78,0
770,3.937575999999992,37.02702699999999,3.0966666666666667,0.0,23.5,0.0,42.76448,75,0
771,7.322929999999982,37.02702699999998,3.9217805853087437,0.0,24.6,0.0,19.632784,96,0
772,9.57983299999999,37.02702699999998,3.6333333333333333,0.0,24.6,0.0,38.293648,84,0
773,10.708283999999992,37.02702699999999,3.5,2.211992169285951,22.9,0.0,33.628432000000004,76,25
774,3.884233000000008,37.927928,3.3033333333333332,0.0,23.5,0.0,85.91772800000001,85,0
775,5.026371000000004,37.92792799999999,3.6333333333333333,0.0,23.5,0.0,86.69526400000001,84,0
776,6.168508999999987,37.927927999999994,3.5666666666666664,0.0,23.0,0.0,88.250336,80,0
777,7.310647000000005,37.927928,3.4466666666666663,0.0,23.0,0.0,78.33675199999999,78,0
778,8.452785,37.927928,3.55,0.0,22.4,0.0,69.395088,79,0
779,9.594923000000009,37.927927999999994,3.583333333333333,0.0,22.0,0.0,60.25904,81,0
780,10.737060999999995,37.927927999999994,3.65,0.0,22.1,0.0,53.261216,85,0
781,11.879199000000005,37.92792800000001,3.6406666666666667,0.0,22.0,0.2,61.036576,83,0
782,5.032047999999996,38.828829000000006,3.3333333333333335,0.0,24.1,0.0,70.95016,82,0
783,6.188498000000005,38.828829000000006,3.2133333333333334,0.0,23.1,0.0,76.78168,74,0
784,7.34494799999999,38.828829000000006,3.083333333333333,0.0,22.3,0.0,65.11864,71,0
785,8.501399000000003,38.828829000000006,3.2399999999999998,4.933830076344105,22.2,0.0,56.760128,70,68
786,9.65784900000001,38.828829000000006,3.5166666666666666,0.0,22.7,0.0,42.958864000000005,77,0
787,10.814298999999991,38.82882899999999,3.516666666666666,0.0,22.4,0.0,48.790384,87,0
788,11.970749000000003,38.828829000000006,3.5666666666666664,0.0,22.5,0.0,42.76448,86,0
789,5.084207000000002,39.729729999999996,3.043333333333333,0.0,23.6,0.0,42.958864000000005,81,0
790,6.255625999999997,39.72973,2.9899999999999998,0.0,23.6,0.0,46.263392,81,0
791,7.427045000000001,39.729729999999996,3.34,0.0,22.6,0.0,48.012848,70,0
792,10.941301999999983,39.729729999999996,3.465495393084573,0.0,22.4,0.4,22.937312000000002,76,0
793,7.558273999999992,40.63063099999999,3.2299999999999995,0.0,22.4,0.0,47.040928,71,0
